date,euro95,diesel,rolling_mean,rolling_std,zscore,is_surge,event_id
2005-01-03,1.112,0.887,,,,False,0
2005-01-10,1.134,0.877,,,,False,0
2005-01-17,1.143,0.876,,,,False,0
2005-01-24,1.086,0.878,,,,False,0
2005-01-31,1.102,0.896,,,,False,0
2005-02-07,1.095,0.878,,,,False,0
2005-02-14,1.101,0.89,,,,False,0
2005-02-21,1.12,0.882,,,,False,0
2005-02-28,1.103,0.925,,,,False,0
2005-03-07,1.114,0.942,,,,False,0
2005-03-14,1.134,0.922,,,,False,0
2005-03-21,1.127,0.934,,,,False,0
2005-04-04,1.169,0.95,,,,False,0
2005-04-11,1.167,0.947,,,,False,0
2005-04-18,1.143,0.934,,,,False,0
2005-04-25,1.221,0.972,,,,False,0
2005-05-02,1.206,0.963,,,,False,0
2005-05-09,1.195,0.952,,,,False,0
2005-05-16,1.194,0.935,,,,False,0
2005-05-23,1.173,0.95,,,,False,0
2005-05-30,1.179,0.96,,,,False,0
2005-06-06,1.2,0.991,,,,False,0
2005-06-13,1.2,1.0,,,,False,0
2005-06-20,1.218,0.998,,,,False,0
2005-06-27,1.202,0.97,,,,False,0
2005-07-04,1.202,0.97,,,,False,0
2005-07-11,1.239,0.984,,,,False,0
2005-07-18,1.268,0.984,,,,False,0
2005-07-25,1.278,0.969,,,,False,0
2005-08-01,1.277,0.975,1.1700666666666668,0.05579576880097608,1.9165133061391284,False,0
2005-08-08,1.29,0.984,1.176,0.05879185962886967,1.9390439547181895,False,0
2005-08-15,1.29,0.984,1.1812,0.0617723294821816,1.7613064119814952,False,0
2005-08-22,1.299,1.0,1.1864,0.06493105096416027,1.7341471965724289,False,0
2005-08-29,1.277,0.988,1.1927666666666668,0.06410588403427668,1.313971948164611,False,0
2005-09-05,1.397,1.028,1.2026000000000001,0.07185934537164547,2.705284872755145,False,0
2005-09-12,1.406,1.087,1.2129666666666667,0.07797412627157899,2.4756075196150347,False,0
2005-09-19,1.272,1.016,1.2186666666666666,0.07572469798591162,0.7043056592085184,False,0
2005-09-26,1.384,1.074,1.2274666666666667,0.07912658271373842,1.9782648000815908,False,0
2005-10-03,1.4,1.092,1.2373666666666665,0.08155915278065928,1.9940537363195836,False,0
2005-10-10,1.351,1.082,1.2452666666666667,0.08067086528448299,1.3106755823241554,False,0
2005-10-17,1.339,1.089,1.2521,0.07959611409679762,1.091761840211446,False,0
2005-10-24,1.303,1.037,1.2579666666666667,0.07648280552012963,0.5888033660255946,False,0
2005-11-07,1.244,1.011,1.2604666666666666,0.07467896040008103,-0.22049940945145727,False,0
2005-11-14,1.237,0.948,1.2628,0.0727259380755285,-0.3547565103004322,False,0
2005-11-21,1.24,0.965,1.2660333333333333,0.06929123113817341,-0.37570891591492106,False,0
2005-11-28,1.193,0.983,1.2651000000000001,0.07010256033496448,-1.0284931057509368,False,0
2005-12-05,1.193,0.981,1.2646666666666666,0.07051941935202827,-1.0162685303591525,False,0
2005-12-12,1.203,0.997,1.2649333333333332,0.07026154750267999,-0.8814683925225366,False,0
2005-12-19,1.213,0.997,1.265566666666667,0.06968336433014632,-0.7543646488940482,False,0
2006-01-09,1.216,0.997,1.2670000000000001,0.06813880356833567,-0.7484721968863572,False,0
2006-01-16,1.232,0.997,1.2687666666666668,0.06644452357150117,-0.5533438226417878,False,0
2006-01-23,1.228,1.003,1.2696999999999998,0.06563701121607693,-0.6353122914558604,False,0
2006-01-30,1.211,0.996,1.270066666666667,0.06526388520953819,-0.9050436773266809,False,0
2006-02-06,1.212,0.996,1.2698666666666665,0.06543790598903654,-0.8842988752782139,False,0
2006-02-13,1.208,0.996,1.2700666666666665,0.06523217596868354,-0.9514731916418557,False,0
2006-02-20,1.203,0.996,1.2701,0.06519644056287938,-1.0291972908441935,False,0
2006-02-27,1.268,1.029,1.2710666666666666,0.06493388326137901,-0.047227526102547525,False,0
2006-03-06,1.283,1.052,1.271566666666667,0.06496719773554416,0.17598624739631766,False,0
2006-03-13,1.293,1.03,1.2720666666666667,0.06507604746773646,0.3216749349092171,False,0
2006-03-20,1.326,1.073,1.2737000000000003,0.06581486573506201,0.794653296270992,False,0
2006-03-27,1.231,0.983,1.2717333333333332,0.06619143258101108,-0.6153867916890893,False,0
2006-04-03,1.258,0.996,1.2706666666666666,0.06614473854194078,-0.19149923252981002,False,0
2006-04-10,1.282,1.0,1.2701,0.06596621392281386,0.18039537654721316,False,0
2006-04-24,1.323,1.035,1.2716333333333334,0.06666306599471847,0.7705416170137779,False,0
2006-05-01,1.331,1.026,1.2694333333333332,0.06339187554456459,0.97120752679711,False,0
2006-05-08,1.323,1.013,1.2666666666666666,0.05887645354137158,0.9568058187089814,False,0
2006-05-15,1.302,1.012,1.2676666666666667,0.05922390787822017,0.5797208351048302,False,0
2006-05-22,1.364,1.051,1.2670000000000001,0.05796848132896273,1.6733231193265015,False,0
2006-05-29,1.375,1.051,1.2661666666666667,0.05614149816394328,1.9385541336200258,False,0
2006-06-05,1.329,1.063,1.2654333333333334,0.05512974247851352,1.153037612890016,False,0
2006-06-12,1.386,1.083,1.267,0.057891098714266266,2.055583719137023,False,0
2006-06-19,1.333,1.031,1.268,0.058786580687820354,1.1056945180257254,False,0
2006-06-26,1.314,1.031,1.2703333333333333,0.05918896293510669,0.7377501564699113,False,0
2006-07-03,1.353,1.047,1.2742,0.060705848153206024,1.298062746790539,False,0
2006-07-10,1.352,1.038,1.2779333333333331,0.0619610185204542,1.195375228414241,False,0
2006-07-17,1.401,1.067,1.2848666666666666,0.06374125137175225,1.821949378684451,False,0
2006-07-24,1.385,1.044,1.2912666666666666,0.0638381214254193,1.4682971747976652,False,0
2006-07-31,1.376,1.064,1.2970333333333335,0.06340210120163023,1.2454897419809168,False,0
2006-08-07,1.371,1.044,1.3022999999999998,0.06273982950962421,1.0949981939218005,False,0
2006-08-14,1.328,1.044,1.3060333333333332,0.06072747678589798,0.36172533141979596,False,0
2006-08-21,1.301,1.026,1.3083333333333333,0.05911201134336104,-0.12405826103152945,False,0
2006-08-28,1.286,1.036,1.3102666666666667,0.05731518023227047,-0.42338986928638617,False,0
2006-09-04,1.341,1.058,1.3145999999999998,0.05439104895933463,0.48537398165896956,False,0
2006-09-11,1.324,1.035,1.3183333333333336,0.05083328622571964,0.11147551314121762,False,0
2006-09-18,1.301,0.999,1.3214333333333335,0.04652599075884522,-0.43918104698176413,False,0
2006-09-25,1.263,1.016,1.3234333333333335,0.04236270589297755,-1.4265692443256222,False,0
2006-10-02,1.27,1.036,1.3235,0.04227394241015089,-1.2655550192345764,False,0
2006-10-09,1.252,1.016,1.3224666666666667,0.04365438978071548,-1.614194288836346,False,0
2006-10-16,1.249,1.027,1.321,0.04538342398292562,-1.5864823250684665,False,0
2006-10-23,1.229,0.981,1.3177666666666668,0.048371895041286576,-1.8350876390288653,False,0
2006-10-30,1.24,0.988,1.3180666666666667,0.047840203359428284,-1.6318213800251635,False,0
2006-11-06,1.22,0.968,1.3168,0.049942311548013145,-1.9382362770081072,False,0
2006-11-13,1.24,0.993,1.3154,0.051515381030899934,-1.46364053785749,False,0
2006-11-20,1.238,0.987,1.3125666666666664,0.05338647854985569,-1.3967331933502853,False,0
2006-11-27,1.228,1.003,1.3091333333333333,0.05543292519254663,-1.4636307402417625,False,0
2006-12-04,1.239,1.016,1.3063333333333333,0.05681265845671813,-1.1851818795740765,False,0
2006-12-11,1.228,0.997,1.3038666666666667,0.05858606008925476,-1.2949610632816972,False,0
2006-12-18,1.239,1.005,1.2997,0.05860690202968751,-1.035714188906491,False,0
2007-01-08,1.187,0.96,1.2934333333333332,0.06030421917722544,-1.7649400785795912,False,0
2007-01-15,1.169,0.96,1.2881,0.06401150219916121,-1.8606031089450146,False,0
2007-01-22,1.163,0.958,1.2806666666666666,0.06518796870871124,-1.8050365580871748,False,0
2007-01-29,1.191,0.978,1.2759333333333334,0.06640104555332545,-1.279096324848152,False,0
2007-02-05,1.205,0.988,1.2723000000000002,0.06722332825789754,-1.0011405526041266,False,0
2007-02-12,1.206,0.992,1.2673999999999999,0.06649168991374994,-0.9234236651173289,False,0
2007-02-19,1.203,0.98,1.2624333333333335,0.06551213803475746,-0.9072110164043357,False,0
2007-02-26,1.236,0.991,1.2569333333333332,0.06018759944072224,-0.3478014329837185,False,0
2007-03-05,1.272,1.001,1.2531666666666665,0.0552281058715665,0.3410099447757738,False,0
2007-03-12,1.267,1.0,1.2495333333333332,0.0502275740545204,0.3477505532659659,False,0
2007-03-19,1.246,0.988,1.2453666666666667,0.04468239129628187,0.014174114566378742,False,0
2007-03-26,1.278,0.994,1.2437,0.042366341552602146,0.8096049539092971,False,0
2007-04-02,1.309,1.018,1.2439666666666664,0.04276276444511656,1.5207934794954585,False,0
2007-04-16,1.32,1.025,1.2451,0.04433675987103806,1.68934311433359,False,0
2007-04-23,1.284,0.987,1.2432,0.041195413202995496,0.9904015235616863,False,0
2007-04-30,1.304,1.019,1.2425333333333333,0.039986836914624777,1.537172514992952,False,0
2007-05-07,1.308,0.993,1.2427666666666668,0.04035846561907991,1.616348201862597,False,0
2007-05-14,1.305,0.993,1.2441666666666664,0.04178770924181154,1.455770953638815,False,0
2007-05-21,1.321,1.003,1.2458666666666667,0.04386085626892962,1.7129928534148708,False,0
2007-05-28,1.348,0.991,1.2490666666666668,0.04766111212713605,2.0757663620905147,False,0
2007-06-04,1.334,0.977,1.2519,0.05012009714606583,1.638065460263069,False,0
2007-06-11,1.342,0.999,1.2556666666666665,0.052528043960335155,1.6435664994212502,False,0
2007-06-18,1.354,0.996,1.259466666666667,0.05540056848540283,1.7063603482379637,False,0
2007-06-25,1.347,0.991,1.2637,0.05710676631206466,1.458671281522056,False,0
2007-07-02,1.346,0.996,1.2672333333333334,0.05884267940483602,1.3385975530576055,False,0
2007-07-09,1.359,1.003,1.2712666666666668,0.06088141856459058,1.441052712006945,False,0
2007-07-16,1.359,1.011,1.2756333333333332,0.062351331226744716,1.3370471011035585,False,0
2007-07-23,1.33,1.011,1.2786666666666668,0.06272014103901662,0.8184505404954376,False,0
2007-07-30,1.326,1.011,1.2819333333333334,0.0625420869789159,0.7045922001535124,False,0
2007-08-06,1.323,1.011,1.284733333333333,0.06243392829462981,0.6129146076806825,False,0
2007-08-13,1.307,0.995,1.2887333333333333,0.05974251263624665,0.30575658539651046,False,0
2007-08-20,1.314,1.0,1.2935666666666668,0.05543164994921315,0.36862213829201296,False,0
2007-08-27,1.315,1.007,1.2986333333333333,0.049740348801056204,0.32904205662343694,False,0
2007-09-03,1.339,0.997,1.303566666666667,0.045887180490127105,0.7721837113299361,False,0
2007-09-10,1.34,1.033,1.3080666666666665,0.04237267607976983,0.7536303176418839,False,0
2007-09-17,1.335,1.04,1.3123666666666667,0.03797502203884495,0.5960057985004319,False,0
2007-09-24,1.329,1.044,1.3165666666666667,0.03195220928450978,0.3891228059576117,False,0
2007-10-01,1.302,1.017,1.3187666666666666,0.028274130168438542,-0.5930038012409896,False,0
2007-10-08,1.296,1.007,1.3195666666666666,0.027225347384929426,-0.8656149114817844,False,0
2007-10-15,1.314,1.017,1.3211333333333333,0.02538630275988002,-0.2809914228473862,False,0
2007-10-22,1.28,1.021,1.3222666666666667,0.022512729477030282,-1.8774563390810215,False,0
2007-10-29,1.28,1.027,1.3223333333333334,0.0223796911219267,-1.8915959609405366,False,0
2007-11-05,1.318,1.068,1.3226333333333333,0.022254768312518543,-0.20819508288149502,False,0
2007-11-12,1.325,1.088,1.3228000000000002,0.022253089673126326,0.09886267625374112,False,0
2007-11-19,1.298,1.079,1.3232666666666666,0.021546954874599285,-1.1726328297300266,False,0
2007-11-26,1.356,1.165,1.325,0.022029760435097565,1.4071873405673214,False,0
2007-12-03,1.342,1.15,1.3261333333333334,0.02199958202320234,0.7212258237421315,False,0
2007-12-10,1.336,1.11,1.3271666666666668,0.02169869427715732,0.4070905475004682,False,0
2007-12-17,1.353,1.125,1.3282333333333334,0.022166584564713064,1.1172973713818142,False,0
2008-01-07,1.409,1.203,1.3302666666666667,0.026430042119470632,2.9789333281210175,False,0
2008-01-14,1.379,1.172,1.3317666666666668,0.02788607776890729,1.6937962278079117,False,0
2008-01-21,1.355,1.161,1.3322,0.028150335332115622,0.8099370657936106,False,0
2008-01-28,1.42,1.218,1.3343999999999998,0.03220044977197454,2.6583479611673484,False,0
2008-02-04,1.426,1.218,1.3370333333333335,0.036242938273722505,2.4547310704985144,False,0
2008-02-11,1.427,1.227,1.3397333333333334,0.03977864037250741,2.1938071751436743,False,0
2008-02-18,1.464,1.267,1.3432333333333333,0.045709489947543626,2.642048003713429,False,0
2008-02-25,1.422,1.217,1.3453333333333333,0.04785562578778441,1.602040834376395,False,0
2008-03-03,1.408,1.21,1.3479333333333332,0.04909662066700488,1.2234379036811018,False,0
2008-03-10,1.398,1.25,1.3503333333333332,0.04974301776221652,0.9582584413057682,False,0
2008-03-17,1.408,1.266,1.3531666666666669,0.05054672357698425,1.084804898379223,False,0
2008-03-31,1.408,1.171,1.3565333333333334,0.05072898466417119,1.0145416275799497,False,0
2008-04-07,1.432,1.172,1.3604666666666667,0.051878992714370645,1.3788496960064969,False,0
2008-04-14,1.415,1.254,1.3638000000000001,0.05206918474491662,0.9833071182278965,False,0
2008-04-21,1.443,1.201,1.3672666666666666,0.05379458589174781,1.4078244506934863,False,0
2008-04-28,1.417,1.234,1.3698333333333332,0.05428347264406655,0.8688955287723721,False,0
2008-05-05,1.425,1.214,1.3728333333333333,0.054776714995948814,0.9523511344286499,False,0
2008-05-12,1.475,1.271,1.3777000000000001,0.05718098912437304,1.7016144961809767,False,0
2008-05-19,1.48,1.311,1.3836333333333333,0.05827963702661782,1.6535220804936304,False,0
2008-05-26,1.503,1.317,1.3905333333333334,0.05978105646978808,1.8813094533299937,False,0
2008-06-02,1.525,1.315,1.3975666666666666,0.06280219814587983,2.0291221819549263,False,0
2008-06-09,1.495,1.277,1.4047333333333332,0.06116959653480012,1.4756786341612234,False,0
2008-06-16,1.538,1.363,1.4133333333333333,0.06116474831781763,2.038211062667785,False,0
2008-06-23,1.538,1.363,1.4206666666666665,0.06251418229894823,1.876907431536661,False,0
2008-06-30,1.538,1.363,1.4277666666666666,0.06336412741984665,1.7396804441562717,False,0
2008-07-07,1.538,1.363,1.4357666666666666,0.06153982917357721,1.6612547468238403,False,0
2008-07-14,1.538,1.363,1.4418333333333335,0.062370463463438476,1.5418623067157318,False,0
2008-07-21,1.538,1.363,1.4483666666666666,0.06181534422463122,1.4500175394577477,False,0
2008-07-28,1.683,1.403,1.459933333333333,0.07173367089610266,3.1096507941124525,True,1
2008-08-04,1.54,1.384,1.4661666666666666,0.07023020439380692,1.0513045486714292,False,0
2008-08-11,1.555,1.362,1.4710333333333334,0.07118430829281788,1.179567079886036,False,0
2008-08-18,1.547,1.351,1.4766333333333332,0.07029714436410374,1.0009889776205254,False,0
2008-08-25,1.522,1.372,1.4822,0.06686135938874467,0.5952616034710764,False,0
2008-09-01,1.516,1.355,1.4853999999999998,0.06607446165319214,0.4631138753821668,False,0
2008-09-08,1.494,1.336,1.4876666666666665,0.065126049310941,0.09724731348427643,False,0
2008-09-15,1.526,1.338,1.4909666666666666,0.06445072072754036,0.5435677512658663,False,0
2008-09-22,1.499,1.331,1.4921333333333335,0.06426225005094163,0.10685381637311592,False,0
2008-09-29,1.537,1.371,1.4959666666666669,0.06335803208659196,0.6476421691452225,False,0
2008-10-06,1.526,1.363,1.4999,0.061339276948398164,0.425502244213878,False,0
2008-10-13,1.483,1.304,1.5027333333333333,0.05836090645542974,-0.3381258882331363,False,0
2008-10-20,1.402,1.247,1.5025333333333333,0.05870600822998802,-1.7124879780529727,False,0
2008-10-27,1.413,1.229,1.5027000000000001,0.05843484435234965,-1.535043020892265,False,0
2008-11-03,1.413,1.229,1.5020666666666667,0.059323736793352844,-1.5013664256673467,False,0
2008-11-10,1.352,1.198,1.4999666666666667,0.06348145715324607,-2.3308643705117036,False,0
2008-11-17,1.348,1.169,1.4968,0.06858541113597129,-2.1695576003036896,False,0
2008-11-24,1.177,1.06,1.4888000000000001,0.089133530205513,-3.4981224156733215,True,2
2008-12-01,1.206,1.059,1.4815,0.10250407897687334,-2.687697921388646,False,0
2008-12-08,1.176,1.028,1.4715333333333331,0.11670969978107656,-2.532208838577197,False,0
2008-12-15,1.16,0.994,1.4608666666666668,0.12979844676116004,-2.317952750392203,False,0
2009-01-05,1.118,0.985,1.4480333333333335,0.14376980723109023,-2.295567752990377,False,0
2009-01-12,1.162,1.031,1.4359333333333335,0.15210271786398052,-1.8009759271908696,False,0
2009-01-19,1.182,1.023,1.4254999999999998,0.15851133974446957,-1.53616769874343,False,0
2009-01-26,1.142,0.964,1.4122999999999999,0.1651684928625408,-1.6365106644458725,False,0
2009-02-02,1.17,0.987,1.4000333333333335,0.16912890071620426,-1.3601065953791422,False,0
2009-02-09,1.17,0.968,1.3877666666666668,0.1720965413372107,-1.2653750329587907,False,0
2009-02-16,1.204,0.965,1.3766333333333334,0.17284445535546347,-0.9987785432764049,False,0
2009-02-23,1.124,0.949,1.3628333333333333,0.1760145141611982,-1.3568956768792606,False,0
2009-03-02,1.135,0.97,1.3494,0.1775565184423811,-1.2075028384247966,False,0
2009-03-09,1.114,0.944,1.3304333333333334,0.17096030661174508,-1.2659858748666057,False,0
2009-03-16,1.129,0.938,1.3167333333333333,0.17005291941715997,-1.103970069886311,False,0
2009-03-23,1.196,0.931,1.3047666666666666,0.16527212321696574,-0.6581065490632083,False,0
2009-03-30,1.219,0.958,1.2938333333333332,0.1594412838273261,-0.4693472828177745,False,0
2009-04-06,1.219,0.957,1.2837333333333334,0.15399326750472503,-0.42036469764073986,False,0
2009-04-20,1.232,0.958,1.2742666666666667,0.14782840316261747,-0.2859170887489839,False,0
2009-04-27,1.216,0.931,1.2650000000000001,0.14218492087467677,-0.34462163567393517,False,0
2009-05-04,1.215,0.927,1.2546333333333335,0.13357613955146108,-0.29670967783931507,False,0
2009-05-11,1.265,0.958,1.2468333333333332,0.12539622260530134,0.14487411414176551,False,0
2009-05-18,1.265,0.958,1.2377666666666665,0.11290358515224391,0.24120875609583944,False,0
2009-05-25,1.301,0.954,1.2302666666666666,0.09981048709095365,0.7086763665312705,False,0
2009-06-01,1.32,0.98,1.2248333333333332,0.08948013970875845,1.0635507161300486,False,0
2009-06-08,1.352,1.011,1.2231666666666667,0.08648184315451643,1.4897153972903636,False,0
2009-06-15,1.367,1.027,1.2216333333333333,0.08335114062613803,1.7440273231375696,False,0
2009-06-22,1.374,1.015,1.2203333333333335,0.08051957711544845,1.9084385707383975,False,0
2009-06-29,1.347,1.009,1.2201666666666666,0.08024234127524825,1.5806285225186554,False,0
2009-07-06,1.347,1.009,1.2201333333333333,0.08018759614000608,1.5821233304607336,False,0
2009-07-13,1.347,1.009,1.2258,0.0829920644316116,1.4603805897595554,False,0
2009-07-20,1.343,0.996,1.2303666666666666,0.08559345903680458,1.315910521677852,False,0
2009-07-27,1.371,1.014,1.2368666666666668,0.08867131609968733,1.5127026329747484,False,0
2009-08-03,1.379,1.024,1.2441666666666669,0.09110625979982245,1.4799568507102285,False,0
2009-08-10,1.391,1.048,1.2532666666666665,0.09170189082897531,1.5019683028151203,False,0
2009-08-17,1.388,1.045,1.2608,0.09321624839864219,1.364568969306995,False,0
2009-08-24,1.359,0.985,1.2667000000000002,0.09365717013257184,0.9855091699797149,False,0
2009-08-31,1.333,1.006,1.2730666666666666,0.09135151257956735,0.6560737927697841,False,0
2009-09-07,1.329,0.986,1.2783666666666667,0.08976424421912117,0.5640701793214411,False,0
2009-09-14,1.318,0.989,1.2832999999999999,0.08764511119989254,0.39591483797492993,False,0
2009-09-21,1.339,1.021,1.2878,0.08689565680984264,0.5892124172793007,False,0
2009-09-28,1.271,0.998,1.2927,0.08130536310087845,-0.2668950629133295,False,0
2009-10-05,1.292,0.998,1.2979333333333334,0.07566164852467493,-0.07841929761018035,False,0
2009-10-12,1.29,0.978,1.3037999999999998,0.06726550583963714,-0.20515715785887942,False,0
2009-10-19,1.313,0.998,1.3099333333333334,0.058609128001171205,0.05232404526826041,False,0
2009-10-26,1.315,1.01,1.3139,0.05451627406500961,0.02017746111350438,False,0
2009-11-02,1.327,1.012,1.3175,0.05151682015245993,0.1844057915819643,False,0
2009-11-09,1.316,1.005,1.3207333333333333,0.048048777897793424,-0.09851100361806764,False,0
2009-11-16,1.298,0.985,1.3229333333333335,0.04527687491754562,-0.5506858275607567,False,0
2009-11-23,1.345,1.046,1.3272333333333333,0.040661498635251925,0.43694077353223043,False,0
2009-11-30,1.337,1.037,1.3312999999999997,0.034715742230592206,0.16419064187477767,False,0
2009-12-07,1.337,1.037,1.3337,0.032384702646735514,0.10189996295465475,False,0
2009-12-14,1.318,1.026,1.3354666666666666,0.02985451312654801,-0.5850595048269052,False,0
2009-12-21,1.322,1.037,1.3361666666666667,0.02925875446159522,-0.4841855686393521,False,0
2010-01-04,1.358,1.057,1.3374333333333333,0.029357115489865478,0.7005683740886182,False,0
2010-01-11,1.381,1.068,1.3383999999999998,0.030315126530363813,1.4052390629915985,False,0
2010-01-18,1.367,1.052,1.3384,0.030315126530363813,0.9434234084873117,False,0
2010-01-25,1.369,1.08,1.3382333333333334,0.030125808998537038,1.021272712316562,False,0
2010-02-01,1.361,1.066,1.3387,0.03037370686903002,0.734187634593187,False,0
2010-02-08,1.369,1.08,1.3394333333333333,0.030842965255425292,0.958619458985577,False,0
2010-02-15,1.369,1.08,1.3401666666666665,0.031287414384234775,0.9215633154992232,False,0
2010-02-22,1.349,1.06,1.3403666666666667,0.03132530466961056,0.2756025336190482,False,0
2010-03-01,1.344,1.052,1.3394666666666668,0.030798268349593597,0.14719442281218706,False,0
2010-03-08,1.363,1.06,1.3389333333333333,0.030223230769743398,0.7962969561401066,False,0
2010-03-15,1.367,1.079,1.3381333333333332,0.029094060696580933,0.9921841769601849,False,0
2010-03-22,1.423,1.116,1.3393000000000002,0.031743747687404913,2.6367397077443964,False,0
2010-03-29,1.423,1.116,1.3414333333333333,0.03508775533876302,2.3246476122271753,False,0
2010-04-12,1.432,1.149,1.3447333333333333,0.03873333531169335,2.2530119331169844,False,0
2010-04-19,1.431,1.147,1.3481333333333334,0.041670078021274586,1.9886371852809879,False,0
2010-04-26,1.448,1.144,1.3524666666666667,0.04505072492304892,2.1205726100193414,False,0
2010-05-03,1.448,1.16,1.3561,0.048211709838145274,1.906175912626278,False,0
2010-05-10,1.448,1.155,1.3619999999999999,0.048268644780704154,1.7816949365518417,False,0
2010-05-17,1.464,1.166,1.3677333333333335,0.04985629924806829,1.9308827193064557,False,0
2010-05-24,1.413,1.114,1.3718333333333335,0.04827584770115037,0.8527383490292519,False,0
2010-05-31,1.426,1.128,1.3756,0.04793429410896171,1.0514392865665942,False,0
2010-06-07,1.43,1.13,1.3794333333333335,0.04751746200506303,1.064170192029164,False,0
2010-06-14,1.474,1.18,1.3843333333333334,0.049463559093146925,1.8127823454396288,False,0
2010-06-21,1.445,1.159,1.3886333333333334,0.048922516734919576,1.152162039661252,False,0
2010-06-28,1.431,1.148,1.3930666666666667,0.046386631050661736,0.8177643530935457,False,0
2010-07-05,1.447,1.152,1.3964666666666665,0.04648005381127677,1.0872047080348557,False,0
2010-07-12,1.458,1.164,1.4005,0.046391698127711926,1.2394458991716117,False,0
2010-07-19,1.447,1.152,1.4041666666666666,0.04553898165939871,0.9405861038724657,False,0
2010-07-26,1.466,1.161,1.4091,0.04386841609899798,1.2970607343468605,False,0
2010-08-02,1.466,1.161,1.4139000000000002,0.04184070778065964,1.2451988210410343,False,0
2010-08-09,1.473,1.183,1.4177333333333335,0.04181068443990939,1.3218311875782904,False,0
2010-08-16,1.447,1.164,1.4199333333333335,0.041546760804347695,0.6514747754735709,False,0
2010-08-23,1.431,1.116,1.4220666666666666,0.04036124236266545,0.22133444885227024,False,0
2010-08-30,1.431,1.122,1.4241333333333333,0.039118505483526814,0.17553499505645528,False,0
2010-09-06,1.458,1.14,1.4273666666666667,0.03770345573966653,0.8124807854444227,False,0
2010-09-13,1.45,1.137,1.4300666666666666,0.03625192820873014,0.5498558095603047,False,0
2010-09-20,1.431,1.127,1.4321333333333333,0.03436892475050823,-0.032975524883607235,False,0
2010-09-27,1.417,1.142,1.4344,0.030748815508451117,-0.5658754560876526,False,0
2010-10-04,1.427,1.154,1.4371666666666665,0.025644900458777004,-0.3964400908090434,False,0
2010-10-11,1.444,1.154,1.4398666666666666,0.021495361702306745,0.19228954555762415,False,0
2010-10-18,1.447,1.154,1.4425333333333334,0.016533629956563746,0.27015644346711537,False,0
2010-10-25,1.407,1.135,1.442,0.017419766814237805,-2.009211740503504,False,0
2010-11-08,1.416,1.147,1.4417666666666666,0.017727211370908217,-1.4535093042863974,False,0
2010-11-15,1.439,1.172,1.4420000000000002,0.017640079755870022,-0.17006725828446526,False,0
2010-11-22,1.431,1.174,1.442,0.017640079755870022,-0.6235799470430099,False,0
2010-11-29,1.46,1.196,1.4424,0.017914740607523037,0.9824311937069964,False,0
2010-12-06,1.491,1.217,1.4438333333333335,0.01997944345871259,2.3607597861339946,False,0
2010-12-13,1.484,1.187,1.4450333333333336,0.021277288090969237,1.8313737399271797,False,0
2010-12-20,1.476,1.224,1.4454333333333333,0.02175360982067665,1.405130776852182,False,0
2011-01-03,1.493,1.268,1.4481,0.022530209604616266,1.9928798172743363,False,0
2011-01-10,1.52,1.284,1.4512333333333334,0.025668554938757977,2.6790236860133136,False,0
2011-01-17,1.522,1.303,1.4543,0.028395179289747597,2.384207520198471,False,0
2011-01-24,1.494,1.293,1.4549666666666667,0.029099689930020687,1.3413659536304723,False,0
2011-01-31,1.509,1.31,1.4571,0.03064856412230398,1.6933909136131595,False,0
2011-02-07,1.497,1.321,1.4592999999999998,0.031076268803686503,1.2131443526298764,False,0
2011-02-14,1.506,1.319,1.4612666666666667,0.03212039134615646,1.392677095719324,False,0
2011-02-21,1.518,1.33,1.4632666666666667,0.03373725387240243,1.6223410933308349,False,0
2011-02-28,1.528,1.338,1.4659666666666666,0.035581362162425585,1.743422105375197,False,0
2011-03-07,1.572,1.37,1.4695,0.04050691724666226,2.530432009324184,False,0
2011-03-14,1.572,1.386,1.4730333333333334,0.04460669760545748,2.2186503816538616,False,0
2011-03-21,1.564,1.379,1.4760666666666666,0.047598126110129174,1.8474116634314448,False,0
2011-03-28,1.557,1.375,1.4797333333333331,0.049481402520569845,1.5615294379448197,False,0
2011-04-04,1.564,1.374,1.4841666666666666,0.050902261539988704,1.5683651554581035,False,0
2011-04-11,1.579,1.382,1.4891,0.052711544243667134,1.7055087512599412,False,0
2011-04-18,1.587,1.389,1.4934000000000003,0.05528584030229971,1.693019396796728,False,0
2011-05-02,1.599,1.39,1.4983666666666666,0.05788423842007094,1.738527379474677,False,0
2011-05-09,1.609,1.392,1.5043000000000002,0.059830882349828106,1.749932407612247,False,0
2011-05-16,1.594,1.37,1.5102000000000002,0.059652094798032504,1.4048123587901868,False,0
2011-05-23,1.589,1.376,1.5156,0.059191448590208105,1.2400439885862549,False,0
2011-05-30,1.579,1.372,1.5201,0.05868992159265572,1.0035794630771924,False,0
2011-06-06,1.583,1.371,1.5246333333333333,0.05809830155588469,1.0046191558719466,False,0
2011-06-13,1.577,1.371,1.5303,0.05440217414519837,0.8584215747583644,False,0
2011-06-20,1.584,1.377,1.5359,0.05075522735096974,0.9476856377253726,False,0
2011-06-27,1.573,1.375,1.5403666666666669,0.04774030562962021,0.6835593719594015,False,0
2011-07-04,1.565,1.365,1.5448333333333333,0.043208462879026,0.4667295553449519,False,0
2011-07-11,1.564,1.366,1.5483,0.04023735612073138,0.39018468193815997,False,0
2011-07-18,1.587,1.384,1.5515,0.03933038660304752,0.902609993598414,False,0
2011-07-25,1.595,1.394,1.5552,0.03795859813552318,1.0485107974194026,False,0
2011-08-01,1.594,1.389,1.5591333333333333,0.0355030191366374,0.982076102668297,False,0
2011-08-08,1.59,1.389,1.5623666666666667,0.03364057826119336,0.8214286068087682,False,0
2011-08-22,1.565,1.364,1.5638666666666665,0.03267576697075044,0.034684215196782636,False,0
2011-08-29,1.557,1.361,1.5650333333333333,0.03174085079508346,-0.25309130448947104,False,0
2011-09-05,1.565,1.362,1.5674,0.028769715878410842,-0.0834210532402563,False,0
2011-09-12,1.575,1.371,1.5696,0.026590898105729927,0.2030770069716537,False,0
2011-09-19,1.587,1.382,1.5726000000000002,0.02294461096672024,0.6275983506927212,False,0
2011-09-26,1.58,1.376,1.5750666666666668,0.01921194551769958,0.25678468267507076,False,0
2011-10-03,1.565,1.362,1.5766333333333333,0.016054827039389458,-0.7246003525788082,False,0
2011-10-10,1.557,1.361,1.5776000000000001,0.013730409241219899,-1.5003194470094277,False,0
2011-10-17,1.571,1.375,1.5775666666666666,0.013745678526768402,-0.4777259015536156,False,0
2011-10-24,1.567,1.373,1.5774,0.013845452384248069,-0.7511491651823536,False,0
2011-10-31,1.565,1.385,1.577433333333333,0.0138132453509948,-0.9001022581878381,False,0
2011-11-07,1.558,1.385,1.5774666666666666,0.013763352972942811,-1.4143840316335545,False,0
2011-11-14,1.56,1.4,1.5773333333333333,0.013916830131890049,-1.2454943524541788,False,0
2011-11-21,1.553,1.411,1.5764666666666665,0.014602156981285011,-1.6070685102716533,False,0
2011-11-28,1.545,1.413,1.5750666666666666,0.015540677066283365,-1.9347076410138215,False,0
2011-12-05,1.535,1.405,1.5729333333333335,0.01650482339810534,-2.2983180382098563,False,0
2011-12-12,1.533,1.409,1.5703999999999998,0.016610341606246727,-2.251609321865764,False,0
2011-12-19,1.529,1.407,1.5682333333333331,0.017633595157008422,-2.224919704915651,False,0
2012-01-09,1.585,1.543,1.5681,0.01748565914864008,0.9665063156234683,False,0
2012-01-16,1.615,1.569,1.5693,0.019390986174713673,2.3567651272731043,False,0
2012-01-23,1.611,1.569,1.5702333333333334,0.02070262907398629,1.9691540876753486,False,0
2012-01-30,1.605,1.563,1.5711666666666666,0.021628658085398215,1.5642825920936214,False,0
2012-02-06,1.622,1.571,1.5724333333333331,0.02344278924992588,2.1143672853188193,False,0
2012-02-13,1.637,1.579,1.5745666666666664,0.02624116709628328,2.379213283626262,False,0
2012-02-20,1.644,1.585,1.5772000000000002,0.029060460162012774,2.2986559616602116,False,0
2012-02-27,1.651,1.586,1.5801,0.03190000540482602,2.2225701563446694,False,0
2012-03-05,1.659,1.581,1.5824999999999998,0.03499531988414229,2.18600659326064,False,0
2012-03-12,1.67,1.589,1.585,0.03842951451953608,2.2118416290892577,False,0
2012-03-19,1.7,1.602,1.5885333333333334,0.043785317436200455,2.54575444905897,False,0
2012-03-26,1.702,1.596,1.5922666666666667,0.04844188365406895,2.265257356979677,False,0
2012-04-02,1.715,1.582,1.5972666666666666,0.05305230557136141,2.2191935310892132,False,0
2012-04-16,1.729,1.578,1.6030000000000002,0.057645767257960376,2.185763257103676,False,0
2012-04-23,1.722,1.568,1.6082333333333334,0.061100078070573646,1.8619725253912176,False,0
2012-04-30,1.707,1.552,1.6126333333333334,0.06333625825067113,1.4899311906488693,False,0
2012-05-07,1.688,1.538,1.6159999999999999,0.06459849469795469,1.1145770553424323,False,0
2012-05-14,1.674,1.526,1.6191333333333333,0.06507011249590847,0.8431930507284212,False,0
2012-05-21,1.668,1.528,1.6225666666666667,0.06483224151786038,0.7007830096514088,False,0
2012-05-28,1.653,1.504,1.6257666666666666,0.06384608827881343,0.4265466227845709,False,0
2012-06-04,1.663,1.519,1.6288333333333334,0.06333222927047572,0.5394830887880103,False,0
2012-06-11,1.65,1.51,1.6316,0.062343099609866996,0.295140923616955,False,0
2012-06-18,1.637,1.503,1.6340000000000001,0.061063562135613515,0.04912913520074896,False,0
2012-06-25,1.627,1.494,1.6363,0.05937847630477004,-0.15662240897301352,False,0
2012-07-02,1.627,1.489,1.6385333333333334,0.057644411358949744,-0.20007721583824892,False,0
2012-07-09,1.629,1.497,1.6410666666666667,0.05538139444411799,-0.2178830415482299,False,0
2012-07-16,1.66,1.516,1.6449,0.052402520339496085,0.2881540792727661,False,0
2012-07-23,1.677,1.528,1.6496333333333333,0.048393133834244616,0.5655072217559339,False,0
2012-07-30,1.676,1.534,1.6544,0.04328143665153623,0.4990592196350574,False,0
2012-08-06,1.666,1.531,1.6589666666666667,0.03625054894551005,0.1940200503971779,False,0
2012-08-13,1.687,1.547,1.6623666666666668,0.03377254887436693,0.7293892274749143,False,0
2012-08-20,1.719,1.571,1.665833333333333,0.0340791000097053,1.5600959723562484,False,0
2012-08-27,1.742,1.582,1.6702000000000001,0.03518561618342244,2.0406065826929627,False,0
2012-09-03,1.74,1.579,1.6747,0.0351922307256657,1.8555231837684167,False,0
2012-09-10,1.748,1.588,1.6789,0.036190444538058315,1.909343775187219,False,0
2012-09-17,1.75,1.586,1.6826666666666668,0.03753465831352195,1.7938975964802177,False,0
2012-09-24,1.734,1.576,1.6856666666666666,0.0379321838906335,1.2742038125906106,False,0
2012-10-01,1.73,1.575,1.6883000000000001,0.03818390164490492,1.09208326555503,False,0
2012-10-08,1.713,1.558,1.6901000000000002,0.03802753086184349,0.6021952906486914,False,0
2012-10-15,1.714,1.578,1.6915666666666667,0.038074050655709235,0.5892026970334823,False,0
2012-10-22,1.712,1.576,1.6919666666666666,0.03822842716720555,0.5240428345563493,False,0
2012-10-29,1.683,1.569,1.6913333333333334,0.03821385678749127,-0.21807098350934037,False,0
2012-11-05,1.654,1.553,1.6893,0.03853269995104713,-0.9161050236512386,False,0
2012-11-12,1.647,1.551,1.6865666666666665,0.0385278075423866,-1.0269638785735997,False,0
2012-11-19,1.635,1.551,1.6836666666666669,0.03903962031095065,-1.246596823407522,False,0
2012-11-26,1.643,1.554,1.6815333333333335,0.039466907423934355,-0.9763453953821913,False,0
2012-12-03,1.626,1.552,1.6794666666666667,0.04072001400085837,-1.3130316376006086,False,0
2012-12-10,1.609,1.55,1.6773,0.04270197443549746,-1.5994576574712982,False,0
2012-12-17,1.611,1.537,1.6754,0.04436572146803813,-1.451571119978178,False,0
2013-01-07,1.614,1.539,1.6741,0.04559896399307349,-1.3180124006573712,False,0
2013-01-14,1.612,1.534,1.6723999999999999,0.04695750096152864,-1.2862694726766726,False,0
2013-01-21,1.635,1.551,1.6719,0.047282970616756605,-0.7804078195316042,False,0
2013-01-28,1.627,1.548,1.6715666666666666,0.047571857323376016,-0.9368283933864261,False,0
2013-02-04,1.637,1.548,1.6719,0.047282970616756605,-0.7381092927277231,False,0
2013-02-11,1.653,1.562,1.6727666666666667,0.04666585795687049,-0.42357876897785646,False,0
2013-02-18,1.655,1.563,1.6736333333333335,0.04606253869756423,-0.40452250050036487,False,0
2013-02-25,1.675,1.581,1.6741333333333333,0.04599080367843921,0.018844347072653835,False,0
2013-03-04,1.692,1.589,1.6746333333333332,0.046104441654032796,0.3766809887209137,False,0
2013-03-11,1.684,1.586,1.6749,0.046135744239710196,0.19724402737969246,False,0
2013-03-18,1.674,1.577,1.6751666666666667,0.046105638321768186,-0.025304208099770166,False,0
2013-03-25,1.665,1.565,1.6744333333333332,0.04608588933071086,-0.20469027440568383,False,0
2013-04-01,1.667,1.566,1.6727,0.04532347340374022,-0.12576264729811415,False,0
2013-04-08,1.685,1.571,1.6707999999999998,0.043475240674714866,0.32662268867573885,False,0
2013-04-15,1.666,1.553,1.6683333333333334,0.04146650774261164,-0.05627031212314391,False,0
2013-04-22,1.652,1.539,1.6651333333333334,0.03871980098742781,-0.3391890711834441,False,0
2013-04-29,1.635,1.517,1.6613,0.0355946043954593,-0.7388760304175485,False,0
2013-05-06,1.627,1.508,1.6577333333333333,0.03334866314162583,-0.9215761724184951,False,0
2013-05-13,1.618,1.501,1.654,0.031178020551625083,-1.1546595762996055,False,0
2013-05-20,1.617,1.492,1.6508,0.029810204223761964,-1.1338399343489833,False,0
2013-05-27,1.646,1.5,1.6485333333333334,0.027320237961979504,-0.09272735240663124,False,0
2013-06-03,1.64,1.493,1.6461333333333334,0.024577440361294504,-0.24955134640434545,False,0
2013-06-10,1.648,1.495,1.6449666666666665,0.02357743417548226,0.1286540897858916,False,0
2013-06-17,1.637,1.49,1.6444,0.023557120601525833,-0.314130072396062,False,0
2013-06-24,1.632,1.489,1.6439,0.02365899989142442,-0.5029798408475147,False,0
2013-07-01,1.645,1.496,1.6442333333333332,0.023599654195798507,0.032486351719649156,False,0
2013-07-08,1.64,1.487,1.6441333333333332,0.02361141356579618,-0.17505658108165648,False,0
2013-07-15,1.663,1.506,1.6453666666666666,0.023597900744358098,0.7472416095126281,False,0
2013-07-22,1.659,1.505,1.6470333333333331,0.02268902717225507,0.5274208795210118,False,0
2013-07-29,1.669,1.515,1.6489666666666667,0.02197252725617428,0.9117446117948941,False,0
2013-08-05,1.688,1.539,1.6514333333333333,0.022065237652107945,1.6572070169012358,False,0
2013-08-12,1.674,1.519,1.6535000000000002,0.0211280986301289,0.9702718810090425,False,0
2013-08-19,1.66,1.505,1.6543333333333334,0.020864643139379285,0.27159183259508496,False,0
2013-08-26,1.681,1.527,1.6561333333333332,0.02075428220597776,1.1981463111985913,False,0
2013-09-02,1.665,1.515,1.6570666666666667,0.02049210669457666,0.3871409343887979,False,0
2013-09-09,1.68,1.522,1.6579666666666668,0.020896268159382114,1.0544147483789104,False,0
2013-09-16,1.665,1.517,1.6583,0.020927048987151645,0.3201598086817427,False,0
2013-09-23,1.673,1.531,1.6582333333333332,0.02087513507424841,0.7073806523476341,False,0
2013-09-30,1.646,1.508,1.6567,0.019979558519171416,-0.5355473690638836,False,0
2013-10-07,1.648,1.509,1.6555,0.019354675101281645,-0.38750327560411596,False,0
2013-10-14,1.627,1.5,1.6539333333333333,0.019704600081405635,-1.3668551110940361,False,0
2013-10-21,1.616,1.52,1.6523,0.020758297053275934,-1.748698359351755,False,0
2013-10-28,1.618,1.517,1.6506666666666665,0.02147706608958536,-1.5210022882272123,False,0
2013-11-04,1.587,1.493,1.6474000000000002,0.02343825343617282,-2.576983825372562,False,0
2013-11-11,1.603,1.513,1.6453,0.024511995655899285,-1.7256856844220145,False,0
2013-11-18,1.583,1.49,1.643,0.026975084289287094,-2.2242747921209833,False,0
2013-11-25,1.591,1.497,1.6415333333333335,0.02857384062068743,-1.7685173653816582,False,0
2013-12-02,1.602,1.506,1.6406999999999998,0.029365884499094358,-1.3178557588208604,False,0
2013-12-09,1.584,1.497,1.6395666666666668,0.03088876967369181,-1.7989278062438756,False,0
2013-12-16,1.591,1.505,1.6387,0.03189222151409041,-1.4956625075153696,False,0
2014-01-06,1.634,1.548,1.6382999999999999,0.031872753470534476,-0.13491146925775357,False,0
2014-01-13,1.619,1.536,1.6375999999999997,0.03206415981790186,-0.5800869290083532,False,0
2014-01-20,1.614,1.53,1.6364666666666667,0.032284012626449296,-0.6959068851391907,False,0
2014-01-27,1.626,1.537,1.6360999999999999,0.03234016398995099,-0.3123051572384839,False,0
2014-02-03,1.612,1.53,1.6354333333333335,0.03263241812437521,-0.718099812401876,False,0
2014-02-10,1.612,1.531,1.6343333333333334,0.03285425845839397,-0.6797698192341135,False,0
2014-02-17,1.606,1.523,1.6331999999999998,0.03323624942532551,-0.8183835562165954,False,0
2014-02-24,1.613,1.525,1.6315333333333335,0.03294272284596608,-0.5625926375300506,False,0
2014-03-03,1.608,1.525,1.6298333333333335,0.032792012624333046,-0.6658125435439765,False,0
2014-03-10,1.609,1.52,1.6278333333333335,0.032144161622869934,-0.5859021477770924,False,0
2014-03-17,1.61,1.522,1.6252333333333335,0.030205826491314577,-0.5043177129324253,False,0
2014-03-24,1.598,1.509,1.6226999999999998,0.029143107069349944,-0.8475417511668454,False,0
2014-03-31,1.608,1.517,1.6209666666666667,0.02838465264447595,-0.4568196352119202,False,0
2014-04-07,1.612,1.515,1.6186666666666667,0.02605211399634585,-0.2558973397552953,False,0
2014-04-14,1.613,1.511,1.6169333333333331,0.02454964475245436,-0.16021956215638866,False,0
2014-04-28,1.624,1.521,1.6150666666666667,0.02153254687010102,0.4148758336496564,False,0
2014-05-05,1.622,1.512,1.6136333333333333,0.0194217853743392,0.43078772138637744,False,0
2014-05-12,1.62,1.499,1.6118666666666668,0.015932472443452913,0.5104878330842828,False,0
2014-05-19,1.62,1.5,1.6110000000000002,0.014668756381969615,0.6135489448214179,False,0
2014-05-26,1.628,1.504,1.6103333333333334,0.013321834121782547,1.3261437205391793,False,0
2014-06-02,1.626,1.502,1.6103,0.013279878478896815,1.182239733966606,False,0
2014-06-09,1.634,1.496,1.6109,0.013936679464034084,1.6574966841716698,False,0
2014-06-16,1.633,1.496,1.6114000000000002,0.014459455801289132,1.4938321536329255,False,0
2014-06-23,1.654,1.508,1.6136333333333333,0.015683251187701787,2.5738710796343476,False,0
2014-06-30,1.649,1.492,1.6151666666666666,0.016815598943140324,2.0120207105162433,False,0
2014-07-07,1.658,1.501,1.6176666666666668,0.017432299259469507,2.3137127657686,False,0
2014-07-14,1.655,1.495,1.6198000000000001,0.017964332477989144,1.9594382392515175,False,0
2014-07-21,1.666,1.494,1.6219333333333334,0.019511152130811702,2.2585373929342234,False,0
2014-07-28,1.648,1.486,1.6240666666666668,0.01870263365805813,1.2796771711892745,False,0
2014-08-04,1.65,1.485,1.6260333333333332,0.018200953619084633,1.3167808219420114,False,0
2014-08-11,1.645,1.489,1.6264,0.018475706323123918,1.0067274113748208,False,0
2014-08-18,1.643,1.485,1.6272,0.018662889601459044,0.8465998747999243,False,0
2014-08-25,1.638,1.478,1.628,0.018591803904252413,0.5378714218103794,False,0
2014-09-01,1.62,1.457,1.6278000000000001,0.018646253205968022,-0.41831460260893155,False,0
2014-09-08,1.62,1.457,1.6280666666666666,0.018468861648057642,-0.43677118927981196,False,0
2014-09-15,1.62,1.457,1.6283333333333334,0.018285727114127417,-0.45572884694834104,False,0
2014-09-22,1.62,1.457,1.6288000000000002,0.017870028848182114,-0.4924446443126671,False,0
2014-09-29,1.623,1.462,1.629133333333333,0.017657143388556788,-0.347357055349507,False,0
2014-10-06,1.61,1.457,1.6292,0.017578199664603087,-1.0922620271894277,False,0
2014-10-13,1.602,1.454,1.6289666666666667,0.017899110618126185,-1.5065925476407642,False,0
2014-10-20,1.583,1.447,1.6280666666666666,0.0194934707607248,-2.311885206069426,False,0
2014-10-27,1.578,1.451,1.6274000000000002,0.02085185843037463,-2.3690933911214254,False,0
2014-11-03,1.557,1.441,1.6257,0.024284449402014754,-2.828970871964686,False,0
2014-11-10,1.548,1.448,1.6235666666666666,0.028048828524728085,-2.694111328038044,False,0
2014-11-17,1.519,1.443,1.6204333333333334,0.03390827722501155,-2.9914033278728134,False,0
2014-11-24,1.515,1.437,1.6168,0.03897426206419714,-2.611980178927274,False,0
2014-12-01,1.504,1.429,1.6128666666666667,0.044054616051019665,-2.471175019221326,False,0
2014-12-08,1.484,1.399,1.6083333333333334,0.04990427618561038,-2.491436462697043,False,0
2014-12-15,1.449,1.37,1.6026333333333334,0.05768492502130134,-2.6633185927970096,False,0
2015-01-05,1.387,1.303,1.5945999999999998,0.06958428280720913,-2.9834323445594504,False,0
2015-01-12,1.368,1.29,1.5859999999999999,0.0806354076415432,-2.703526978732437,False,0
2015-01-19,1.353,1.268,1.5766333333333333,0.09057535758858201,-2.469030642408689,False,0
2015-01-26,1.351,1.267,1.5672333333333333,0.09878492253143152,-2.188930535067554,False,0
2015-02-02,1.36,1.275,1.5574333333333332,0.10430911731015527,-1.8927715853090774,False,0
2015-02-09,1.383,1.292,1.5485666666666666,0.10751349019873473,-1.5399617886148311,False,0
2015-02-16,1.393,1.304,1.5397333333333334,0.10908710007283023,-1.3451025211539152,False,0
2015-02-23,1.403,1.314,1.5313333333333332,0.1096062964883219,-1.1708573087952714,False,0
2015-03-02,1.42,1.325,1.5231333333333335,0.10837919807192502,-0.9515971253532425,False,0
2015-03-09,1.445,1.353,1.5163666666666666,0.106637472657193,-0.6692456684160987,False,0
2015-03-16,1.462,1.364,1.5101,0.1040050893980224,-0.46247736796728933,False,0
2015-03-23,1.485,1.38,1.5047666666666666,0.10090510507346027,-0.19589362354140644,False,0
2015-03-30,1.492,1.383,1.4997333333333336,0.09747994783485517,-0.07933255510594808,False,0
2015-04-13,1.498,1.363,1.4950666666666668,0.09391850221054591,0.031232752485312255,False,0
2015-04-20,1.506,1.361,1.4912666666666667,0.09094861502361491,0.16199623633089671,False,0
2015-04-27,1.53,1.358,1.4882666666666668,0.08799213653477853,0.47428480517504257,False,0
2015-05-04,1.538,1.359,1.4855333333333332,0.08498102560362973,0.617392721422109,False,0
2015-05-11,1.537,1.35,1.4827666666666666,0.08174168030357389,0.6634722106509252,False,0
2015-05-18,1.545,1.361,1.4801666666666666,0.07829523407054885,0.8280623220937618,False,0
2015-05-25,1.553,1.366,1.4782666666666668,0.0756839769556094,0.9874393014146987,False,0
2015-06-01,1.551,1.362,1.4765666666666666,0.07334551361751596,1.0148314417905666,False,0
2015-06-08,1.558,1.369,1.4757333333333333,0.07222805517265517,1.1389849341784861,False,0
2015-06-15,1.564,1.371,1.4752666666666665,0.07158690562856028,1.2395190510641731,False,0
2015-06-22,1.57,1.373,1.4757,0.07213595879812833,1.3072537132818536,False,0
2015-06-29,1.57,1.374,1.4764333333333333,0.0730029207414521,1.2816838794442689,False,0
2015-07-06,1.56,1.362,1.4778,0.07420121757529517,1.107798533313664,False,0
2015-07-13,1.567,1.357,1.4795333333333334,0.07569254203381826,1.1555519779952406,False,0
2015-07-20,1.566,1.355,1.4816,0.07721470290578532,1.093056073828089,False,0
2015-07-27,1.558,1.351,1.4840666666666669,0.07846586489693516,0.942235626032346,False,0
2015-08-03,1.548,1.333,1.4873666666666665,0.07902006874439489,0.7673156236988774,False,0
2015-08-10,1.538,1.322,1.4924,0.07719460406370887,0.5907148634685179,False,0
2015-08-17,1.53,1.312,1.4978000000000002,0.07378318657181109,0.4364137887791067,False,0
2015-08-24,1.507,1.294,1.5029333333333335,0.06853186187427732,0.05933979546808168,False,0
2015-08-31,1.481,1.276,1.5072666666666668,0.06243227134862311,-0.42072258624058456,False,0
2015-09-07,1.464,1.264,1.5107333333333335,0.05658678615911187,-0.8258700750724345,False,0
2015-09-14,1.458,1.254,1.5132333333333332,0.05223863237724191,-1.0573273230904106,False,0
2015-09-21,1.443,1.242,1.5149,0.048965399465628036,-1.468383813563516,False,0
2015-09-28,1.436,1.241,1.5159999999999998,0.04668234547782791,-1.7137099513990013,False,0
2015-10-05,1.419,1.232,1.5159666666666667,0.04675356031683346,-2.0739953494355405,False,0
2015-10-12,1.412,1.23,1.5148666666666666,0.048823209103124085,-2.106921453061234,False,0
2015-10-19,1.405,1.24,1.5129666666666668,0.05195985408738713,-2.0778862558983757,False,0
2015-10-26,1.391,1.231,1.5098333333333334,0.05635300275532085,-2.108731168227111,False,0
2015-11-02,1.391,1.244,1.5064666666666666,0.06033168855319025,-1.9138643296029694,False,0
2015-11-09,1.393,1.25,1.5029666666666666,0.06378654237773633,-1.7239791116981542,False,0
2015-11-16,1.427,1.262,1.5003333333333333,0.06527043653185177,-1.1235306094137552,False,0
2015-11-23,1.421,1.259,1.4967,0.06658266834649217,-1.1369325063102258,False,0
2015-11-30,1.413,1.256,1.4925333333333335,0.06780892695444829,-1.1729035822490042,False,0
2015-12-07,1.397,1.242,1.4878666666666667,0.06944098627405669,-1.3085451624786995,False,0
2015-12-14,1.389,1.231,1.4826666666666668,0.07084189941443406,-1.3221930445244694,False,0
2016-01-04,1.362,1.18,1.4762999999999997,0.07285703998834442,-1.5688257444755538,False,0
2016-01-11,1.368,1.184,1.4702,0.07403838706118517,-1.3803650249098753,False,0
2016-01-18,1.363,1.18,1.4637,0.0746218743930508,-1.3494702567988262,False,0
2016-01-25,1.352,1.16,1.4566333333333334,0.07483383124531195,-1.3982089596660632,False,0
2016-02-01,1.338,1.144,1.4489000000000003,0.07470186721574323,-1.4845679784645105,False,0
2016-02-08,1.341,1.145,1.4412666666666667,0.07359250961385745,-1.3624574999924521,False,0
2016-02-15,1.33,1.135,1.4336,0.07277248437946852,-1.4236149951921777,False,0
2016-02-22,1.309,1.123,1.425,0.07170100754354876,-1.6178294277042848,False,0
2016-02-29,1.297,1.118,1.4160333333333333,0.07026574352161327,-1.6940450263181157,False,0
2016-03-07,1.295,1.126,1.4072666666666664,0.06832222505732018,-1.643193947101084,False,0
2016-03-14,1.319,1.15,1.3996333333333335,0.06475603198283891,-1.2451864461785167,False,0
2016-03-21,1.316,1.153,1.3922333333333332,0.06097296367122189,-1.250280923597517,False,0
2016-04-04,1.347,1.171,1.3861333333333332,0.05563534806240173,-0.7033897458400099,False,0
2016-04-11,1.347,1.153,1.3808,0.05113632894462272,-0.6609782261961594,False,0
2016-04-18,1.352,1.149,1.3765,0.04773038503064959,-0.5132998609641958,False,0
2016-04-25,1.366,1.16,1.3732333333333335,0.04479892496659467,-0.1614622078259048,False,0
2016-05-02,1.367,1.156,1.3702,0.041844869499736155,-0.07647293535042017,False,0
2016-05-09,1.386,1.175,1.3683000000000003,0.039662498573654295,0.4462653800574425,False,0
2016-05-16,1.391,1.18,1.3668000000000002,0.03782208805485591,0.6398377573681521,False,0
2016-05-23,1.422,1.212,1.3669,0.0379685441494571,1.4512012834389327,False,0
2016-05-30,1.419,1.208,1.3671333333333335,0.038275528630650014,1.3550868798486841,False,0
2016-06-06,1.432,1.228,1.3680333333333332,0.03949463807636792,1.6196291390993132,False,0
2016-06-13,1.438,1.231,1.3696,0.04132678850670031,1.6551007826052182,False,0
2016-06-20,1.43,1.227,1.3709,0.04261645303127872,1.3867883363409659,False,0
2016-06-27,1.435,1.223,1.3723,0.04403380362937805,1.4239060637988672,False,0
2016-07-04,1.421,1.223,1.3721,0.043789740571417046,1.1166999247289107,False,0
2016-07-11,1.399,1.203,1.3713666666666668,0.043121706937423857,0.6408218805770685,False,0
2016-07-18,1.399,1.199,1.3709,0.0427295827428841,0.6576240205546965,False,0
2016-07-25,1.398,1.201,1.3709333333333333,0.04275103010120705,0.6331231458654925,False,0
2016-08-01,1.378,1.177,1.3705666666666665,0.042637755111182965,0.17433688321418683,False,0
2016-08-08,1.37,1.178,1.3708333333333333,0.04260733572370998,-0.019558447370120614,False,0
2016-08-15,1.359,1.164,1.3705333333333334,0.042659625855867384,-0.2703571140614471,False,0
2016-08-22,1.37,1.18,1.370766666666667,0.042636137605166886,-0.01798161629382431,False,0
2016-08-29,1.37,1.185,1.3713666666666666,0.04248933605226829,-0.03216493345495703,False,0
2016-09-05,1.39,1.201,1.3731,0.042140446620568345,0.40103988816651953,False,0
2016-09-12,1.372,1.191,1.3741333333333334,0.041703992476828905,-0.05115417509531296,False,0
2016-09-19,1.384,1.197,1.3759333333333332,0.040890883676166,0.1972729846229386,False,0
2016-09-26,1.381,1.191,1.3783333333333334,0.03889094685306689,0.06856780002660967,False,0
2016-10-03,1.387,1.199,1.3813333333333335,0.03574462422408667,0.15853199717925637,False,0
2016-10-10,1.403,1.215,1.3849333333333333,0.031991306290342816,0.5647367601278739,False,0
2016-10-17,1.424,1.255,1.3884333333333332,0.0302240864593199,1.1767656473103891,False,0
2016-10-24,1.428,1.268,1.3921666666666668,0.027787473403720953,1.2895498922379467,False,0
2016-10-31,1.427,1.28,1.3948333333333334,0.02713450956249204,1.1854522961834024,False,0
2016-11-07,1.421,1.289,1.3973,0.0259749879692284,0.9124162070094723,False,0
2016-11-14,1.39,1.261,1.3985666666666665,0.024578773198749734,-0.3485392292525966,False,0
2016-11-21,1.391,1.267,1.3994,0.023849528297254684,-0.3522082237981573,False,0
2016-11-28,1.397,1.28,1.4004,0.023060041570711166,-0.14744119127341254,False,0
2016-12-05,1.398,1.287,1.4007999999999998,0.022905201938939877,-0.12224297377792541,False,0
2016-12-12,1.425,1.32,1.4019333333333333,0.023242252447904368,0.9924454059850206,False,0
2016-12-19,1.438,1.331,1.4024666666666665,0.02389305675130497,1.4871823937467812,False,0
2017-01-02,1.488,1.385,1.4047666666666667,0.028429808704773865,2.927678275913159,False,0
2017-01-09,1.506,1.394,1.4072333333333333,0.03361207021843992,2.938428547387786,False,0
2017-01-16,1.489,1.373,1.4089333333333334,0.036396223120988495,2.199861958217718,False,0
2017-01-23,1.486,1.362,1.4107999999999998,0.038866171799475345,1.9348445323605368,False,0
2017-01-30,1.474,1.353,1.4121,0.040328265094332294,1.534903617976352,False,0
2017-02-06,1.467,1.344,1.4136333333333333,0.0415347659390382,1.2848673986749946,False,0
2017-02-13,1.504,1.369,1.4171333333333331,0.044572090643914083,1.9489026745602682,False,0
2017-02-20,1.489,1.354,1.4201333333333332,0.04630463843106161,1.4872520118949986,False,0
2017-02-27,1.483,1.342,1.4229666666666667,0.04748900659234605,1.2641522247173969,False,0
2017-03-06,1.496,1.346,1.4269,0.04851188976196756,1.4243930784607999,False,0
2017-03-13,1.485,1.352,1.4307333333333334,0.0484041415536072,1.1211161880965659,False,0
2017-03-20,1.472,1.34,1.4345,0.04700605243496454,0.7977696074751901,False,0
2017-03-27,1.464,1.334,1.4376333333333333,0.04567235890358053,0.5773003037204546,False,0
2017-04-03,1.464,1.305,1.4407666666666665,0.04406866376960102,0.5272075744071009,False,0
2017-04-10,1.48,1.307,1.4437666666666666,0.043553916909530276,0.8319190535399337,False,0
2017-04-24,1.494,1.306,1.4478333333333333,0.04229949321727281,1.091423635492038,False,0
2017-05-01,1.491,1.302,1.4514,0.04122904901595389,0.9604878343101381,False,0
2017-05-08,1.462,1.274,1.4541,0.03905464783150238,0.20228066155106117,False,0
2017-05-15,1.472,1.275,1.4569333333333332,0.037050695310476785,0.40665003828973756,False,0
2017-05-22,1.483,1.285,1.4595999999999998,0.03589601841336032,0.6518828837933442,False,0
2017-05-29,1.47,1.274,1.4611333333333334,0.03530041841439201,0.25117738159873004,False,0
2017-06-05,1.461,1.268,1.4622333333333335,0.03474208749743481,-0.03549968992002806,False,0
2017-06-12,1.466,1.262,1.4635333333333336,0.03410201059231011,0.07233200107041841,False,0
2017-06-19,1.466,1.258,1.4650333333333334,0.03314282918578352,0.02916669126971236,False,0
2017-06-26,1.447,1.242,1.4669333333333334,0.030195835900805226,-0.6601351722408122,False,0
2017-07-03,1.443,1.24,1.4686666666666666,0.027011279040495675,-0.9502203367780804,False,0
2017-07-10,1.448,1.251,1.4703666666666666,0.02375374138712196,-0.9416060527960738,False,0
2017-07-17,1.451,1.255,1.4721333333333333,0.019833328503845067,-1.0655464779518036,False,0
2017-07-24,1.452,1.253,1.4730333333333334,0.01816302293947925,-1.1580304337784701,False,0
2017-07-31,1.451,1.256,1.4734666666666667,0.01743902348846062,-1.2882984349171156,False,0
2017-08-07,1.456,1.262,1.4724,0.01749798017903864,-0.9372510331018676,False,0
2017-08-14,1.432,1.246,1.4699333333333335,0.01781114206361876,-2.129753005048264,False,0
2017-08-21,1.447,1.259,1.4685333333333332,0.01791114723861987,-1.2022308256672238,False,0
2017-08-28,1.423,1.231,1.4664333333333335,0.01942214046471493,-2.2362794364627683,False,0
2017-09-04,1.444,1.253,1.4654333333333334,0.01978798544110363,-1.083148832766577,False,0
2017-09-11,1.441,1.247,1.4645666666666666,0.020280249154001236,-1.1620501546953075,False,0
2017-09-18,1.471,1.279,1.4634666666666667,0.018916756544454613,0.3982359933443117,False,0
2017-09-25,1.466,1.277,1.4627000000000001,0.018302345807852505,0.18030475626703626,False,0
2017-10-02,1.445,1.265,1.4614333333333334,0.018163402638370265,-0.9047497135045508,False,0
2017-10-09,1.449,1.292,1.4598666666666666,0.017073337417622188,-0.6364699765993371,False,0
2017-10-16,1.453,1.291,1.4588,0.01643671248281268,-0.35286861688825505,False,0
2017-10-23,1.421,1.274,1.4571,0.017619248878308152,-2.0488955147483243,False,0
2017-10-30,1.451,1.313,1.4566666666666668,0.01760355241059449,-0.3219047232339475,False,0
2017-11-06,1.463,1.335,1.4566333333333332,0.017590129154711854,0.3619454189716066,False,0
2017-11-13,1.475,1.34,1.4564666666666666,0.017383569994348414,1.0661408064833,False,0
2017-11-20,1.476,1.339,1.4558666666666664,0.016321623764201224,1.2335373994769252,False,0
2017-11-27,1.466,1.338,1.4550333333333332,0.015055033144759195,0.7284385601292679,False,0
2017-12-04,1.437,1.325,1.4542000000000002,0.01534522277682089,-1.1208700095238027,False,0
2017-12-11,1.461,1.346,1.4538333333333333,0.015033487523782897,0.4767135141017104,False,0
2017-12-18,1.435,1.328,1.4522333333333333,0.014361546678189445,-1.1999636055568503,False,0
2018-01-01,1.456,1.343,1.4517666666666666,0.013986898631742656,0.3026641891667068,False,0
2018-01-08,1.465,1.354,1.4519,0.01409658799514119,0.929302892623053,False,0
2018-01-15,1.475,1.364,1.4522,0.014497086508767484,1.5727298023786551,False,0
2018-01-22,1.445,1.339,1.4515,0.01431360577723659,-0.45411338702209614,False,0
2018-01-29,1.461,1.352,1.4519666666666668,0.014389851149100342,0.6277572463908352,False,0
2018-02-05,1.458,1.348,1.4524666666666668,0.01432801291262316,0.38618986227031044,False,0
2018-02-12,1.456,1.332,1.4527333333333334,0.014316456249419263,0.2281756469446857,False,0
2018-02-19,1.452,1.336,1.4527666666666668,0.014313445170362864,-0.05356269280677786,False,0
2018-02-26,1.449,1.331,1.4526666666666666,0.014329456840182032,-0.2558831578587529,False,0
2018-03-05,1.458,1.34,1.4529,0.014358344924357483,0.3551941415857929,False,0
2018-03-12,1.442,1.335,1.4524333333333332,0.014481101437801,-0.7204792659002068,False,0
2018-03-19,1.437,1.327,1.4526,0.01426498002710555,-1.0935872304312766,False,0
2018-03-26,1.446,1.328,1.4525666666666668,0.014279677706573266,-0.45986098577309226,False,0
2018-04-09,1.467,1.333,1.4540333333333335,0.013368731746394151,0.969924964659716,False,0
2018-04-16,1.472,1.337,1.4549666666666667,0.013619163307512587,1.2506886765897967,False,0
2018-04-23,1.477,1.338,1.4561666666666668,0.013928594585518159,1.4957240090105068,False,0
2018-04-30,1.499,1.35,1.4571,0.01577284877953168,2.6564636855184585,False,0
2018-05-07,1.526,1.368,1.4590999999999998,0.020139770227806983,3.3217856630574336,True,3
2018-05-14,1.512,1.354,1.4613333333333332,0.02213802055343366,2.2886719498870614,False,0
2018-05-21,1.564,1.399,1.4651666666666665,0.02886363101557983,3.4241476160773368,True,3
2018-05-28,1.579,1.4,1.4693666666666665,0.03544834350815966,3.0927632290659104,True,3
2018-06-04,1.585,1.417,1.4748333333333332,0.040075861970079577,2.7489531416421333,False,0
2018-06-11,1.583,1.429,1.4792333333333332,0.04438365910336221,2.33794754112119,False,0
2018-06-18,1.568,1.414,1.4827333333333335,0.04711536343132159,1.8097423102966579,False,0
2018-06-25,1.563,1.409,1.4856666666666667,0.04930575495077119,1.5684443613234582,False,0
2018-07-02,1.541,1.384,1.4878333333333336,0.050284763808389164,1.057311651482718,False,0
2018-07-09,1.566,1.401,1.4911666666666668,0.052070299518584676,1.4371596481142606,False,0
2018-07-16,1.533,1.373,1.4943666666666666,0.05157417379173347,0.7490829322703685,False,0
2018-07-23,1.552,1.391,1.4973999999999998,0.052216129097550835,1.0456539185046787,False,0
2018-07-30,1.552,1.391,1.5013,0.05176215499432196,0.9794800855096062,False,0
2018-08-06,1.583,1.421,1.5055333333333334,0.053105447044047564,1.4587329733315857,False,0
2018-08-13,1.554,1.389,1.5085,0.053248765567698905,0.8544799023021997,False,0
2018-08-20,1.584,1.417,1.5121333333333336,0.05458604933140127,1.3165757102213362,False,0
2018-08-27,1.581,1.413,1.5166666666666666,0.05446563822381402,1.1811728537719564,False,0
2018-09-03,1.55,1.381,1.5196333333333334,0.05374812480023065,0.5649809510477348,False,0
2018-09-10,1.583,1.421,1.5238,0.05365046517779711,1.1034387083841994,False,0
2018-09-17,1.59,1.425,1.5282666666666669,0.05338857770989926,1.1563022650421095,False,0
2018-09-24,1.557,1.401,1.5317666666666665,0.05162910388353616,0.48874242307699667,False,0
2018-10-01,1.567,1.417,1.5356999999999998,0.04955954273258506,0.6315635349762937,False,0
2018-10-08,1.603,1.486,1.5405333333333333,0.04878505518287575,1.280446776835734,False,0
2018-10-15,1.562,1.466,1.5445333333333333,0.04521651615653446,0.3862895276186056,False,0
2018-10-22,1.567,1.488,1.5488666666666666,0.04054349161880934,0.4472563316406804,False,0
2018-10-29,1.591,1.52,1.5536999999999999,0.03627590631963733,1.0282306848887304,False,0
2018-11-05,1.551,1.49,1.5565,0.032386406258576646,-0.1698243379054611,False,0
2018-11-12,1.56,1.525,1.5594333333333334,0.02818128913786582,0.02010790435790256,False,0
2018-11-19,1.537,1.521,1.5614333333333335,0.023939122983019288,-1.0206444634861853,False,0
2018-11-26,1.518,1.507,1.5620666666666667,0.022434476751802213,-1.9642386650772554,False,0
2018-12-03,1.484,1.481,1.5606666666666666,0.02581810823132483,-2.9694920317069484,False,0
2018-12-10,1.472,1.466,1.5593333333333335,0.029226031539382195,-2.9882036230492486,False,0
2018-12-17,1.484,1.469,1.5566666666666669,0.032276107671736526,-2.2514073693681307,False,0
2019-01-07,1.419,1.393,1.5513333333333332,0.04060349342312429,-3.2591612734969106,True,4
2019-01-14,1.44,1.389,1.5465000000000002,0.04486435494720049,-2.3738221607183903,False,0
2019-01-21,1.439,1.401,1.5417,0.04838933339288455,-2.1223685634632368,False,0
2019-01-28,1.438,1.411,1.5373666666666665,0.05166302174759832,-1.9233614934899912,False,0
2019-02-04,1.412,1.387,1.5323333333333333,0.05623309452218618,-2.1399023894346976,False,0
2019-02-11,1.433,1.403,1.528733333333333,0.05904582284466207,-1.6213396430292546,False,0
2019-02-18,1.447,1.418,1.5247666666666668,0.060436734281194046,-1.2867450167780694,False,0
2019-02-25,1.427,1.395,1.5212333333333334,0.06298367787103168,-1.4961548216712586,False,0
2019-03-04,1.473,1.436,1.5186,0.0633036470050416,-0.7203376449443459,False,0
2019-03-11,1.474,1.442,1.5160000000000002,0.0634860831885358,-0.6615623124090374,False,0
2019-03-18,1.475,1.435,1.5124,0.06261188605898316,-0.5973306724024801,False,0
2019-03-25,1.476,1.426,1.5098,0.06244412674958533,-0.5412838926476702,False,0
2019-04-01,1.5,1.412,1.5070000000000001,0.0608655952871261,-0.1150075008217444,False,0
2019-04-08,1.537,1.418,1.5055333333333334,0.059536562706051815,0.5285267613118012,False,0
2019-04-15,1.56,1.428,1.5058666666666667,0.0598214200671602,0.9049155515291857,False,0
2019-04-29,1.592,1.436,1.5061666666666667,0.060242660639455506,1.4247932017318221,False,0
2019-05-06,1.59,1.432,1.5061666666666664,0.060242660639455506,1.3915941368371036,False,0
2019-05-13,1.585,1.422,1.5071,0.061265589149163975,1.2715131133455015,False,0
2019-05-20,1.604,1.436,1.5083333333333333,0.06286456890005335,1.5217899102873766,False,0
2019-05-27,1.603,1.433,1.5083333333333333,0.06286456890005335,1.5058826986815834,False,0
2019-06-03,1.596,1.423,1.509466666666667,0.06415860376272735,1.3487409054809307,False,0
2019-06-10,1.583,1.408,1.5100000000000002,0.06471742290594741,1.1279806383219126,False,0
2019-06-17,1.569,1.397,1.5092666666666665,0.06388725701731485,0.9349804033243182,False,0
2019-06-24,1.553,1.38,1.5093333333333334,0.063933334531908,0.6830031154541651,False,0
2019-07-01,1.537,1.369,1.5085666666666666,0.06344081321681053,0.4481867727035859,False,0
2019-07-08,1.556,1.377,1.5091999999999999,0.06382810968693918,0.7332192701545197,False,0
2019-07-15,1.561,1.37,1.5106333333333333,0.0645116847653617,0.7807371152971356,False,0
2019-07-22,1.548,1.357,1.5127666666666668,0.06465861722624615,0.5449131893750329,False,0
2019-07-29,1.575,1.395,1.5162000000000002,0.06515202381275313,0.9025045817301224,False,0
2019-08-05,1.568,1.39,1.519,0.06552440977119177,0.7478129169130391,False,0
2019-08-12,1.544,1.366,1.5231666666666668,0.06286662583341912,0.3313893987015686,False,0
2019-08-19,1.552,1.38,1.5269,0.0610569829946971,0.41109138986084687,False,0
2019-08-26,1.542,1.372,1.5303333333333333,0.058797920050795746,0.19841971717006038,False,0
2019-09-02,1.509,1.343,1.5327,0.05633039848167553,-0.42073197844871885,False,0
2019-09-09,1.518,1.376,1.5362333333333333,0.05162643223919324,-0.3531782566119516,False,0
2019-09-16,1.524,1.391,1.5392666666666668,0.04788991207093398,-0.3187866923633928,False,0
2019-09-23,1.566,1.46,1.5432333333333335,0.044813547315397315,0.5080308975862817,False,0
2019-09-30,1.545,1.437,1.5471666666666666,0.03907030209440355,-0.055455590321043476,False,0
2019-10-07,1.537,1.421,1.5493,0.03654675795802134,-0.33655516076496067,False,0
2019-10-14,1.527,1.418,1.5510666666666666,0.03397152289516765,-0.7084364966779305,False,0
2019-10-21,1.538,1.423,1.5531666666666666,0.030917112027043395,-0.4905589711419414,False,0
2019-10-28,1.521,1.415,1.5546666666666666,0.027997947379621486,-1.202469102830419,False,0
2019-11-04,1.512,1.408,1.5550666666666666,0.02726616361283169,-1.5794912433665234,False,0
2019-11-11,1.529,1.42,1.5548,0.027487175693166364,-0.9386195325412873,False,0
2019-11-18,1.524,1.422,1.5536,0.028032739480104624,-1.0559082183533208,False,0
2019-11-25,1.537,1.44,1.5517666666666665,0.027221547415218095,-0.5424624266000158,False,0
2019-12-02,1.518,1.414,1.5493666666666668,0.02690658595617273,-1.1657616732854519,False,0
2019-12-09,1.535,1.434,1.5476999999999999,0.026161501064194764,-0.4854461511530562,False,0
2019-12-16,1.532,1.432,1.5453000000000001,0.02403467322936224,-0.5533672071626915,False,0
2020-01-06,1.564,1.468,1.544,0.02175252660713127,0.9194334231244332,False,0
2020-01-13,1.567,1.475,1.5430333333333335,0.01993002125255496,1.202540948800746,False,0
2020-01-20,1.558,1.461,1.5422,0.01868504842069238,0.8455958820263288,False,0
2020-01-27,1.53,1.438,1.5409000000000002,0.01810381937224673,-0.6020828962042065,False,0
2020-02-03,1.535,1.428,1.5402999999999998,0.01798687260775944,-0.2946593393736201,False,0
2020-02-10,1.517,1.407,1.5396333333333334,0.018477354888593634,-1.2249228025222063,False,0
2020-02-17,1.597,1.394,1.5410000000000001,0.02106476057143544,2.6584683842045567,False,0
2020-02-24,1.599,1.385,1.5422666666666667,0.02332962203655849,2.4318153652223686,False,0
2020-03-02,1.502,1.381,1.5407333333333333,0.024425726027180662,-1.5857597555229797,False,0
2020-03-09,1.477,1.353,1.5374666666666665,0.026175446949181034,-2.310052882155592,False,0
2020-03-16,1.424,1.289,1.5326666666666666,0.03275860859045329,-3.317194207642109,True,5
2020-03-23,1.462,1.254,1.5299333333333334,0.035116489233590543,-1.9345138086398463,False,0
2020-03-30,1.352,1.242,1.5232666666666668,0.04756188950550951,-3.6009222603914286,True,5
2020-04-06,1.332,1.23,1.5162666666666667,0.05882875987564883,-3.1322548198562425,True,5
2020-04-20,1.291,1.194,1.5090000000000001,0.07179280532583171,-3.0365159713512657,True,5
2020-04-27,1.287,1.192,1.5013,0.08239858971006718,-2.600772668003779,False,0
2020-05-04,1.279,1.179,1.4931333333333332,0.09168865358049182,-2.335439827844669,False,0
2020-05-11,1.244,1.145,1.4823999999999997,0.10121659942915093,-2.3553448875436063,False,0
2020-05-18,1.287,1.159,1.4738,0.1065352135405903,-1.753410856297093,False,0
2020-05-25,1.263,1.132,1.4646666666666668,0.11250787967296798,-1.7924670454448257,False,0
2020-06-01,1.303,1.138,1.4572,0.11561839729517437,-1.333697781732147,False,0
2020-06-08,1.307,1.143,1.4495,0.11772462022405479,-1.2104519830158935,False,0
2020-06-15,1.327,1.156,1.4430333333333332,0.11898318726011724,-0.9752078088113815,False,0
2020-06-22,1.326,1.149,1.4368333333333332,0.12010629870455251,-0.9227936796717896,False,0
2020-06-29,1.36,1.17,1.4312,0.11959656320745995,-0.5953348331297095,False,0
2020-07-06,1.357,1.177,1.4256333333333333,0.11901332389429904,-0.5766861313300484,False,0
2020-07-13,1.378,1.185,1.4203333333333332,0.11741242762553326,-0.360552406499491,False,0
2020-07-20,1.39,1.194,1.4160666666666666,0.11605882376930338,-0.22459874932457402,False,0
2020-07-27,1.398,1.205,1.4115,0.11389279593336377,-0.11853251901813551,False,0
2020-08-03,1.422,1.25,1.4078333333333333,0.11162779388583166,0.12690985079536507,False,0
2020-08-10,1.439,1.268,1.4036666666666666,0.10786720230605308,0.32756326833323895,False,0
2020-08-17,1.429,1.249,1.3990666666666667,0.1035164265936297,0.2891650563909191,False,0
2020-08-24,1.438,1.258,1.3950666666666665,0.09939990055270058,0.43192531475995566,False,0
2020-08-31,1.442,1.254,1.3921333333333332,0.09653790869960711,0.516550102839235,False,0
2020-09-07,1.442,1.245,1.3890333333333333,0.0932284858544554,0.568138227079608,False,0
2020-09-14,1.431,1.228,1.3861666666666668,0.09043842764778731,0.49573322424331406,False,0
2020-09-21,1.426,1.23,1.3804666666666665,0.08165433169807507,0.5576352458764516,False,0
2020-09-28,1.435,1.224,1.375,0.071360184010909,0.8408050067643843,False,0
2020-10-05,1.427,1.215,1.3724999999999998,0.06799175913555015,0.8015677295736324,False,0
2020-10-12,1.435,1.226,1.3711,0.06617393486240834,0.965637000925873,False,0
2020-10-19,1.435,1.231,1.3714666666666666,0.06650679681799714,0.9552908330136408,False,0
2020-10-26,1.409,1.224,1.3697000000000001,0.06469831847733726,0.6074346432012143,False,0
2020-11-02,1.425,1.227,1.3721333333333334,0.06537886051546551,0.8086201908361632,False,0
2020-11-09,1.377,1.21,1.3736333333333335,0.06494107851092987,0.05184186563978751,False,0
2020-11-16,1.38,1.236,1.3765999999999998,0.06304109223630766,0.053933075703309054,False,0
2020-11-23,1.391,1.236,1.3800666666666668,0.06076235979467798,0.1799359565737416,False,0
2020-11-30,1.384,1.243,1.3835666666666666,0.05768624011714029,0.007511901147541239,False,0
2020-12-07,1.39,1.255,1.3884333333333332,0.05131221763052821,0.030532039717079535,False,0
2020-12-14,1.4,1.232,1.3922,0.047624537286213006,0.16378111881955978,False,0
2020-12-21,1.419,1.296,1.3974,0.041100885131860894,0.5255361272805293,False,0
2021-01-11,1.456,1.349,1.4025,0.038386195435360794,1.3937302041326156,False,0
2021-01-18,1.507,1.4,1.4091666666666667,0.038595232270640316,2.5348554103081735,False,0
2021-01-25,1.521,1.413,1.4156333333333333,0.040556034742374035,2.59805149433351,False,0
2021-02-01,1.518,1.413,1.4220333333333335,0.04106973324124937,2.3366761625390864,False,0
2021-02-08,1.521,1.411,1.4273999999999998,0.04315057837149717,2.169148213823873,False,0
2021-02-15,1.533,1.424,1.4332666666666667,0.04516630826512661,2.2081356029343318,False,0
2021-02-22,1.536,1.436,1.4385333333333332,0.047643600238434294,2.045745203529771,False,0
2021-03-01,1.552,1.45,1.4439333333333333,0.05101448971538475,2.1183523988886717,False,0
2021-03-08,1.562,1.457,1.4494,0.054584701658742726,2.0628490507095245,False,0
2021-03-15,1.595,1.478,1.4551666666666667,0.06041698969395678,2.314470383937717,False,0
2021-03-22,1.616,1.496,1.4610666666666667,0.06706092614998285,2.310336916415715,False,0
2021-03-29,1.615,1.488,1.4672666666666665,0.07238114315938199,2.0410472518792266,False,0
2021-04-12,1.635,1.498,1.4738333333333336,0.0783264976230044,2.0576263660145067,False,0
2021-04-19,1.62,1.48,1.4797666666666667,0.08246448904846515,1.7005299487263783,False,0
2021-04-26,1.624,1.475,1.4858333333333333,0.08620028135539087,1.6028563305614545,False,0
2021-05-03,1.62,1.467,1.492133333333333,0.08891830164717213,1.4380241671061378,False,0
2021-05-10,1.628,1.459,1.4988666666666668,0.09135256949875227,1.4135708939757503,False,0
2021-05-17,1.632,1.459,1.5054333333333332,0.09365478920071968,1.3514169189512641,False,0
2021-05-24,1.629,1.471,1.5121666666666667,0.09507205373978296,1.2288924950870643,False,0
2021-05-31,1.632,1.472,1.5187333333333333,0.0963531340267815,1.1755369227033547,False,0
2021-06-07,1.616,1.467,1.5247666666666668,0.09659573894127259,0.9444861060465669,False,0
2021-06-14,1.625,1.47,1.5319666666666665,0.09571526860266041,0.9719800685044272,False,0
2021-06-21,1.638,1.476,1.5390666666666666,0.09540654692107638,1.0369658742096013,False,0
2021-06-28,1.649,1.487,1.5481333333333331,0.09234931186695478,1.0922297592426333,False,0
2021-07-05,1.663,1.499,1.5575666666666668,0.08897488345066074,1.1849786056960585,False,0
2021-07-12,1.698,1.519,1.5677999999999999,0.08678447342461304,1.5002683643993158,False,0
2021-07-19,1.696,1.518,1.5782,0.08259222640218683,1.4262843506163294,False,0
2021-07-26,1.692,1.513,1.5882666666666667,0.07708344485857813,1.3457277827119505,False,0
2021-08-02,1.707,1.522,1.5985,0.07139629566359736,1.5196866867046808,False,0
2021-08-09,1.713,1.517,1.6083,0.06587194997193015,1.5894474058323091,False,0
2021-08-16,1.714,1.516,1.6169,0.062032444236319,1.5653099147614995,False,0
2021-08-23,1.712,1.513,1.6237333333333333,0.060787324752580446,1.4520571027913145,False,0
2021-08-30,1.697,1.502,1.6296,0.05899713610817446,1.142428335443581,False,0
2021-09-06,1.698,1.502,1.6356,0.0563496473690973,1.107371614790633,False,0
2021-09-13,1.723,1.53,1.6423333333333334,0.05421180259160163,1.487990858270471,False,0
2021-09-20,1.72,1.524,1.6485666666666667,0.051908861334634855,1.3761298455928792,False,0
2021-09-27,1.717,1.537,1.6545999999999998,0.04879980214771399,1.2786937088621646,False,0
2021-10-04,1.738,1.561,1.6607999999999998,0.047101065219678676,1.639028748924053,False,0
2021-10-11,1.756,1.59,1.6672666666666667,0.046380683652710114,1.9131527684618006,False,0
2021-10-18,1.762,1.601,1.6728333333333332,0.04741822967749772,1.8804301061661273,False,0
2021-10-25,1.807,1.635,1.6792,0.05211419821097885,2.452306749162964,False,0
2021-11-01,1.815,1.644,1.6858666666666666,0.05624682877396016,2.2958331366961695,False,0
2021-11-08,1.917,1.652,1.6952666666666665,0.06946392431766235,3.19206459340441,True,6
2021-11-15,1.864,1.676,1.7034,0.07445276215899682,2.157072422068538,False,0
2021-11-22,1.874,1.681,1.7117333333333333,0.07910487727818101,2.051285233602451,False,0
2021-11-29,1.857,1.675,1.7196333333333333,0.08142798101362132,1.6869712960669854,False,0
2021-12-06,1.818,1.643,1.7259666666666669,0.08144407149455278,1.1300188171399148,False,0
2021-12-13,1.775,1.636,1.7307333333333335,0.07992536748627876,0.5538500235768821,False,0
2021-12-20,1.794,1.651,1.7362333333333333,0.07834480962643851,0.737338784051019,False,0
2022-01-03,1.875,1.759,1.7443333333333333,0.07974586070042218,1.638538546314479,False,0
2022-01-10,1.862,1.747,1.7525333333333333,0.07873602047056205,1.3902997130467674,False,0
2022-01-17,1.857,1.761,1.7602666666666666,0.07715543350627185,1.253746222882281,False,0
2022-01-24,1.892,1.804,1.7687333333333335,0.07721217222841462,1.596466763064379,False,0
2022-01-31,1.888,1.811,1.7767000000000002,0.07676077931717315,1.4499592238389294,False,0
2022-02-07,1.906,1.829,1.7848,0.07716904864624116,1.5705778693165673,False,0
2022-02-14,1.929,1.852,1.7925,0.07969283704237451,1.7128264605189032,False,0
2022-02-21,1.937,1.862,1.8005333333333333,0.08175013796607089,1.6693142062133899,False,0
2022-02-28,1.963,1.88,1.8095666666666665,0.0842773268209919,1.8205766499835894,False,0
2022-03-07,2.095,2.031,1.8225,0.09683108292635136,2.8141789987752244,False,0
2022-03-14,2.229,2.333,1.8397,0.11981138913107321,3.2492737361896995,True,7
2022-03-21,2.13,2.215,1.8535666666666666,0.12851853035137892,2.1509219921636564,False,0
2022-03-28,2.144,2.217,1.8679666666666668,0.13608858254405715,2.0283357220211378,False,0
2022-04-04,2.15,2.253,1.8830666666666667,0.14148910847161333,1.886599867769239,False,0
2022-04-11,2.166,2.217,1.8986666666666667,0.14610537844034127,1.8297295841336365,False,0
2022-04-25,2.174,2.198,1.9137,0.15054227267471698,1.729082438940198,False,0
2022-05-02,2.159,2.189,1.9283333333333335,0.15238954922383452,1.5136646039149046,False,0
2022-05-09,2.218,2.242,1.9450333333333336,0.15584397222273516,1.7515381748389807,False,0
2022-05-16,2.257,2.242,1.9623333333333335,0.16079700917902423,1.8325382304754056,False,0
2022-05-23,2.37,2.24,1.9828000000000001,0.1722935346116188,2.2473275092580796,False,0
2022-05-30,2.368,2.21,2.003,0.18082683658015386,2.018505698064395,False,0
2022-06-06,2.499,2.274,2.026066666666667,0.19825878827037186,2.385434398440784,False,0
2022-06-13,2.558,2.399,2.0508333333333337,0.21654753134896865,2.342057023265537,False,0
2022-06-20,2.545,2.451,2.0717666666666665,0.23290040543239468,2.031912879046926,False,0
2022-06-27,2.523,2.489,2.0937333333333332,0.24346662071482786,1.7631438157983323,False,0
2022-07-04,2.409,2.362,2.1115666666666666,0.24639282951575622,1.2071509301544552,False,0
2022-07-11,2.339,2.301,2.1276333333333333,0.24493144478338622,0.8629625602118841,False,0
2022-07-18,2.307,2.244,2.1439333333333335,0.23983326583753467,0.6799168001036577,False,0
2022-07-25,2.245,2.215,2.1595999999999997,0.23005390672622503,0.3712173429927029,False,0
2022-08-01,2.19,2.153,2.1728,0.2194705855713541,0.07837041102898881,False,0
2022-08-08,2.164,2.121,2.1824333333333334,0.2121695293754521,-0.08688021030915304,False,0
2022-08-15,2.122,2.084,2.1911,0.20377325972587482,-0.3391023929879547,False,0
2022-08-22,2.115,2.09,2.1997,0.1944162172176998,-0.4356632446209771,False,0
2022-08-29,2.122,2.132,2.2073666666666667,0.1862263145473364,-0.4584028142003942,False,0
2022-09-05,2.085,2.146,2.2139333333333338,0.17786200255822313,-0.7249065650833851,False,0
2022-09-12,2.075,2.166,2.2195666666666662,0.17028772473493403,-0.8489553013389264,False,0
2022-09-19,2.012,2.102,2.2223333333333333,0.16602499465614526,-1.2668775190684698,False,0
2022-09-26,1.994,2.051,2.224233333333333,0.16294460309614203,-1.4129546419987198,False,0
2022-10-03,1.988,2.072,2.2250666666666663,0.16162108375036352,-1.4668053274091049,False,0
2022-10-10,2.023,2.106,2.222666666666667,0.16413416155238403,-1.216484519604059,False,0
2022-10-17,2.061,2.175,2.2170666666666667,0.16675564061871878,-0.9359003754692055,False,0
2022-10-24,2.055,2.214,2.2145666666666672,0.16865731085768415,-0.9460999102571491,False,0
2022-10-31,2.057,2.227,2.2116666666666664,0.17064872840354106,-0.9063452632411007,False,0
2022-11-07,2.046,2.211,2.2081999999999997,0.17298503024728348,-0.9376533898230021,False,0
2022-11-14,2.028,2.228,2.2036000000000002,0.17595524509334892,-0.9979810485719806,False,0
2022-11-21,1.993,2.184,2.1975666666666664,0.18006046557855576,-1.1360998429575822,False,0
2022-11-28,1.955,2.118,2.1907666666666668,0.18534175020166008,-1.272064531656478,False,0
2022-12-05,1.923,2.077,2.1809333333333334,0.19156810859295856,-1.3464314870978173,False,0
2022-12-12,1.877,2.021,2.168266666666667,0.19879185672167038,-1.4651840949122525,False,0
2022-12-19,1.81,1.922,2.1496,0.2053788089662914,-1.6535298929294018,False,0
2022-12-26,1.851,1.985,2.1323666666666665,0.20809372612016297,-1.3521150873342158,False,0
2023-01-02,1.91,2.081,2.1127333333333334,0.19993532287550414,-1.013994577934443,False,0
2023-01-09,1.908,2.084,2.091066666666667,0.18465437114135158,-0.991401749848265,False,0
2023-01-16,1.871,2.061,2.0686,0.16774890924152988,-1.1779510274817324,False,0
2023-01-23,1.93,2.105,2.048833333333333,0.14586958826845345,-0.8146546154270092,False,0
2023-01-30,1.943,2.093,2.0333,0.13015935855976174,-0.6937649432141251,False,0
2023-02-06,1.975,2.111,2.021166666666667,0.11697806553406048,-0.39466088326810594,False,0
2023-02-13,1.932,2.018,2.0086666666666666,0.10478132675615744,-0.7316825339030303,False,0
2023-02-20,1.94,1.993,1.9985000000000002,0.09544008772432386,-0.6129499814477948,False,0
2023-02-27,1.949,1.991,1.9904666666666666,0.08866781608449859,-0.46766311044753456,False,0
2023-03-06,1.937,1.968,1.9829,0.08284274675343793,-0.5540617833038621,False,0
2023-03-13,1.964,2.007,1.9776333333333334,0.07860880153112634,-0.1734326572570256,False,0
2023-03-20,1.946,1.974,1.9720000000000002,0.0743662882466599,-0.34962078400044405,False,0
2023-03-27,1.933,1.947,1.9657000000000002,0.06903529831754343,-0.4736707278295394,False,0
2023-04-03,1.938,1.937,1.9607999999999999,0.06539661490764204,-0.34864189885363006,False,0
2023-04-10,1.962,1.953,1.9570333333333332,0.06174445854421804,0.08043906746886327,False,0
2023-04-17,1.969,1.92,1.9556,0.06091803424726413,0.21996770193880447,False,0
2023-04-24,1.985,1.901,1.9553,0.060744320012592334,0.48893460316690074,False,0
2023-05-01,1.969,1.872,1.9546666666666668,0.06049014358772419,0.23695320399672684,False,0
2023-05-08,1.943,1.832,1.9520000000000002,0.05912173297818622,-0.1522282847040494,False,0
2023-05-15,1.907,1.803,1.9468666666666665,0.055930827557470454,-0.7127852100114629,False,0
2023-05-22,1.89,1.774,1.9413666666666667,0.052964844119876425,-0.969825693254332,False,0
2023-05-29,1.903,1.788,1.9362333333333335,0.04865904128576423,-0.6829837262547186,False,0
2023-06-05,1.894,1.765,1.9311666666666667,0.0445777765362818,-0.8337487769587809,False,0
2023-06-12,1.932,1.805,1.9279666666666666,0.04066048096915254,0.09919541621736495,False,0
2023-06-19,1.927,1.795,1.9257666666666668,0.03876159077668727,0.03181843955885764,False,0
2023-06-26,1.93,1.823,1.9249333333333334,0.03837827450553408,0.13201913665857876,False,0
2023-07-03,2.027,1.926,1.9284,0.04265628465641133,2.3114999535052205,False,0
2023-07-10,1.873,1.791,1.9282666666666666,0.042828393203188854,-1.2904212026929744,False,0
2023-07-17,1.856,1.778,1.9298000000000002,0.03911027733349105,-1.886972044987352,False,0
2023-07-24,1.856,1.778,1.9299666666666666,0.03877208677183643,-1.9077298341443667,False,0
2023-07-31,1.912,1.83,1.9300333333333333,0.03873827594237566,-0.46551718925639507,False,0
2023-08-07,1.918,1.856,1.9303666666666668,0.03858486690429453,-0.3205056194010206,False,0
2023-08-14,1.934,1.903,1.9324666666666668,0.03692091579291663,0.04153020856615205,False,0
2023-08-21,1.926,1.903,1.9323333333333335,0.03693734987910054,-0.17146149775398417,False,0
2023-08-28,1.934,1.906,1.9320333333333333,0.03688423953988907,0.053319973278554054,False,0
2023-09-04,2.03,2.007,1.9338666666666666,0.04030207775367791,2.3853195341662055,False,0
2023-09-11,1.989,1.965,1.9357666666666666,0.04153576218427943,1.2816264956727186,False,0
2023-09-18,1.996,2.016,1.9376333333333333,0.042966292589071566,1.358429204606594,False,0
2023-09-25,2.026,2.039,1.9402,0.04587043221644272,1.8704859722085636,False,0
2023-10-02,1.986,2.022,1.9418333333333335,0.04661883838056403,0.9473995535049645,False,0
2023-10-09,1.977,2.08,1.9422666666666666,0.046891608934913655,0.7407153246019764,False,0
2023-10-16,1.986,2.007,1.9436,0.04756527275663327,0.8914066406585895,False,0
2023-10-23,1.986,2.026,1.9453666666666665,0.04813879597746547,0.844087030185687,False,0
2023-10-30,1.988,2.015,1.9470333333333334,0.04873679013479246,0.8405696508400358,False,0
2023-11-06,1.935,2.009,1.9461333333333333,0.04870016167453207,-0.22860978178549735,False,0
2023-11-13,1.905,1.989,1.944,0.04906434902071677,-0.7948745021264358,False,0
2023-11-20,1.869,1.963,1.9401333333333333,0.050277665798643074,-1.4148097809117675,False,0
2023-11-27,1.848,1.942,1.9361,0.05267817057540568,-1.6724195057968065,False,0
2023-12-04,1.814,1.915,1.9318,0.057169077728042667,-2.0605544934690534,False,0
2023-12-11,1.809,1.859,1.9285333333333334,0.06128662639362495,-1.9503983228838222,False,0
2023-12-18,1.86,1.958,1.9275333333333333,0.062175354543764355,-1.0861752832595022,False,0
2023-12-25,1.793,1.889,1.9238666666666664,0.06674745679428443,-1.9606240140354314,False,0
2024-01-01,1.762,1.855,1.9194666666666664,0.07285542288448593,-2.161358213737002,False,0
2024-01-08,1.713,1.782,1.9121666666666668,0.08195923432995904,-2.4300698791894906,False,0
2024-01-15,1.713,1.782,1.9050333333333331,0.08958197299153765,-2.14366045891257,False,0
2024-01-22,1.703,1.777,1.8974666666666666,0.09670421783523997,-2.010942966293255,False,0
2024-01-29,1.87,1.948,1.8922333333333334,0.09365258003453798,-0.23740225122611605,False,0
2024-02-05,1.759,1.844,1.8884333333333332,0.09672238386345218,-1.3381942024512214,False,0
2024-02-12,1.852,1.931,1.8882999999999999,0.09677138006662461,-0.37511090546614256,False,0
2024-02-19,1.865,1.966,1.8886,0.09668170315078775,-0.24409996132559622,False,0
2024-02-26,1.768,1.868,1.8838000000000001,0.09902608503440137,-1.169388853045857,False,0
2024-03-04,1.799,1.843,1.8798333333333332,0.09998761417548105,-0.8084334644835965,False,0
2024-03-11,1.799,1.843,1.8753333333333333,0.10050230168348023,-0.7595182603253795,False,0
2024-03-18,1.915,1.927,1.8749666666666664,0.10033099817803773,0.3990126088678425,False,0
2024-03-25,1.956,1.976,1.8757,0.1008563847499339,0.7961816220073531,False,0
2024-04-01,1.906,1.917,1.8715666666666666,0.09677299542577605,0.35581551632080405,False,0
2024-04-08,1.885,1.882,1.8680999999999999,0.09425107700838484,0.1793082958457511,False,0
2024-04-15,1.985,1.979,1.8677333333333332,0.09375644652164954,1.250758438670012,False,0
2024-04-22,1.976,1.875,1.866066666666667,0.09125709545708477,1.2046551863469186,False,0
2024-04-29,1.93,1.826,1.8642,0.0892703758253493,0.7370866246685525,False,0
2024-05-06,1.828,1.713,1.8592333333333333,0.08689140401646832,-0.35945251071571643,False,0
2024-05-13,1.84,1.731,1.8543666666666667,0.08357176694245586,-0.17190813587271578,False,0
2024-05-20,1.819,1.712,1.8488,0.07998637815062178,-0.3725634375378753,False,0
2024-05-27,1.799,1.694,1.8425,0.07598763511028792,-0.5724615582109445,False,0
2024-06-03,1.806,1.704,1.8382,0.07420168229340557,-0.4339524254002214,False,0
2024-06-10,1.814,1.704,1.8351666666666666,0.07323042675212219,-0.28904196801028686,False,0
2024-06-17,1.83,1.718,1.8338666666666665,0.07295474900442006,-0.0530008905442495,False,0
2024-06-24,1.822,1.732,1.833,0.07293549346440065,-0.1508182021880599,False,0
2024-07-01,1.823,1.728,1.8333000000000002,0.07287313018834414,-0.14134153388744725,False,0
2024-07-08,1.804,1.71,1.8331333333333333,0.07293631295264051,-0.3994352353984535,False,0
2024-07-15,1.767,1.683,1.8300333333333334,0.07372712191416535,-0.8549544821065742,False,0
2024-07-22,1.816,1.729,1.8308000000000002,0.073447799901317,-0.2015036532052033,False,0
2024-07-29,1.838,1.751,1.8333333333333333,0.07229457619438345,0.06455071614389478,False,0
2024-08-05,1.829,1.73,1.8372,0.06864672179931237,-0.11945217171436909,False,0
2024-08-12,1.778,1.678,1.8393666666666666,0.06554728923789198,-0.9362197488281689,False,0
2024-08-19,1.779,1.68,1.8418999999999999,0.06143477056587623,-1.0238501653156264,False,0
2024-08-26,1.776,1.669,1.8387666666666667,0.06234259258784319,-1.0068023170230835,False,0
2024-09-02,1.781,1.683,1.8395000000000001,0.061495584366284495,-0.9512878136348497,False,0
2024-09-09,1.778,1.683,1.8370333333333335,0.06245355975791826,-0.945235684917846,False,0
2024-09-16,1.885,1.795,1.8377000000000001,0.0628677594034723,0.7523729245134737,False,0
2024-09-23,1.859,1.769,1.8407333333333333,0.061570779754192825,0.29667752689818316,False,0
2024-09-30,1.708,1.627,1.8377000000000001,0.06579442906926704,-1.9712915186702908,False,0
2024-10-07,1.843,1.748,1.8391666666666668,0.06539117484130046,0.05862156999987154,False,0
2024-10-14,1.808,1.731,1.8356000000000001,0.06401594628926006,-0.43114257618387364,False,0
2024-10-21,1.717,1.651,1.8276333333333334,0.06338415081636509,-1.7454415955474007,False,0
2024-10-28,1.703,1.658,1.8208666666666666,0.0655290055983738,-1.798694571821667,False,0
2024-11-04,1.677,1.602,1.8139333333333334,0.06939886381526449,-1.9731350890389427,False,0
2024-11-11,1.69,1.647,1.8041000000000003,0.06509004373252862,-1.752956265767249,False,0
2024-11-18,1.849,1.837,1.7998666666666665,0.057172897686614516,0.8593815482757438,False,0
2024-11-25,1.658,1.671,1.7908,0.0573912164371601,-2.3139429383834016,False,0
2024-12-02,1.657,1.681,1.7851000000000001,0.06188496001340784,-2.069969827438626,False,0
2024-12-09,1.667,1.682,1.7793333333333332,0.06459386825458718,-1.7390711590547254,False,0
2024-12-16,1.675,1.671,1.7745333333333335,0.06685534220694858,-1.4887865359395096,False,0
2024-12-23,1.851,1.853,1.7762666666666669,0.06817266786386732,1.096236008873331,False,0
2024-12-30,1.757,1.712,1.7746333333333333,0.06802255373103071,-0.2592277467714266,False,0
2025-01-06,1.671,1.659,1.7698666666666665,0.07014602175330466,-1.4094408235205258,False,0
2025-01-13,1.723,1.716,1.7663,0.0697019022151676,-0.6212169054774738,False,0
2025-01-20,1.741,1.753,1.7635999999999998,0.06903552308974598,-0.32736769402934485,False,0
2025-01-27,1.712,1.715,1.7598999999999998,0.06871598217951581,-0.6970721872950073,False,0
2025-02-03,1.703,1.701,1.7565333333333335,0.06895462442711174,-0.7763559555011523,False,0
2025-02-10,1.806,1.812,1.7578333333333334,0.06952403867743853,0.6928059356583007,False,0
2025-02-17,1.824,1.823,1.7580999999999998,0.06976974445544638,0.9445354933481628,False,0
2025-02-24,1.804,1.867,1.7569666666666668,0.06869496961622219,0.6846692501080374,False,0
2025-03-03,1.728,1.736,1.7536,0.06750764963039126,-0.379216283490267,False,0
2025-03-10,1.723,1.727,1.751766666666667,0.06756896009126574,-0.4257378924851225,False,0
2025-03-17,1.709,1.713,1.7494333333333332,0.06780432461709635,-0.5963238121118036,False,0
2025-03-24,1.721,1.709,1.7475999999999998,0.0678047907980799,-0.39230266308487743,False,0
2025-03-31,1.728,1.731,1.7458333333333333,0.06759467604689011,-0.26382748429717257,False,0
2025-04-07,1.74,1.712,1.7445666666666666,0.06732662707014692,-0.06782853776275834,False,0
2025-04-14,1.68,1.641,1.7377333333333336,0.0628352708625241,-0.9188045589816445,False,0
2025-04-21,1.701,1.611,1.7324666666666666,0.058813400615446244,-0.5350254591196415,False,0
2025-04-28,1.709,1.618,1.7325000000000002,0.05879933731739217,-0.3996643682079227,False,0
2025-05-05,1.694,1.606,1.7275333333333334,0.05533455198767861,-0.6060107496813258,False,0
2025-05-12,1.74,1.712,1.7252666666666665,0.053279311721063066,0.2765300987833316,False,0
2025-05-19,1.648,1.541,1.7229666666666668,0.055106469570320775,-1.3603968327349059,False,0
2025-05-26,1.66,1.546,1.7215333333333334,0.056192239820912065,-1.0950503758071177,False,0
2025-06-02,1.684,1.572,1.721766666666667,0.0560151970348183,-0.674221794546071,False,0
2025-06-09,1.691,1.576,1.7217999999999998,0.05599593581310297,-0.5500399190184184,False,0
2025-06-16,1.842,1.71,1.721566666666667,0.055459636352637204,2.1715492789668525,False,0
2025-06-23,1.854,1.781,1.7281000000000002,0.059135933413522815,2.128993198088422,False,0
2025-06-30,1.627,1.56,1.7270999999999999,0.06061486673221731,-1.6514100483338334,False,0
2025-07-07,1.67,1.584,1.7272,0.0605146890118907,-0.945225050875842,False,0
2025-07-14,1.697,1.651,1.7279333333333333,0.059991340371250076,-0.5156299749581454,False,0
2025-07-21,1.661,1.601,1.7215999999999998,0.05647739859203043,-1.0729955966589275,False,0
